DATA_ATIVACAO;NUN_NTC;TIPO_OPERACAO;PLANO;COD_MOBILE;MES_REFERENCIA;VALIDO_COMISSAO;VALOR_COMISSAO;COD_IRREG;ARQUIVO;DATA_ESTORNO;PENDENCIA;VALOR_FRANQUIA;SIMCARD;COD_QUINZENA;STATUS_GED;NTC_ANTERIOR;PLANO_ANTERIOR;NUM_CHAMADO;CONTRATO_EBT_NET;CLASSIFICACAO_PGTO;FRANQUIA_ANTERIOR;VALOR_DELTA;VALOR_FATOR;DAT_DIGITALIZACAO;DSC_NOME_PLANO;NUM_FI
17/06/2023 00:00;0;COMISSOES ADICIONAIS;BONUS META PAP INDIRETO;CLRZ;202306;t;31,47;0;BONUS META PAP INDIRETO;;OK;104.9;'';P2;AUDIO_CONEXAO;;;;86366788818;ULTRA;;;0,3;;VIRTUA 250 MB;170036294
27/06/2023 00:00;0;BANDA LARGA FIXA;VIRTUA 250 MB;CLRZ;202306;t;304,21;0;FT_COMISSIONAMENTO;;OK;104.9;'';P2;AUDIO_CONEXAO;;;;996375175574;ULTRA;;;2,9;;BL 250M SINGLE OU C/ FONE FID;170036294
27/06/2023 00:00;0;BANDA LARGA FIXA;VIRTUA 125 MB;CLRZ;202306;t;246,21;0;FT_COMISSIONAMENTO;;OK;84.9;'';P2;AUDIO_CONEXAO;;;;996375177259;ULTRA;;;2,9;;BL 125M SINGLE OU C/ FONE FID;170036294
27/06/2023 00:00;0;BANDA LARGA FIXA;VIRTUA 250 MB;CLRZ;202306;t;304,21;0;FT_COMISSIONAMENTO;;OK;104.9;'';P2;AUDIO_CONEXAO;;;;996375176040;ULTRA;;;2,9;;BL 250M SINGLE OU C/ FONE FID;170036294
24/06/2023 00:00;0;BANDA LARGA FIXA;VIRTUA 250 MB;CLRZ;202306;t;304,21;0;FT_COMISSIONAMENTO;;OK;104.9;'';P2;AUDIO_CONEXAO;;;;749001447832;ULTRA;;;2,9;;BL 250M SINGLE OU C/ FONE BWF PON FID;170036294
24/06/2023 00:00;0;BANDA LARGA FIXA;VIRTUA 250 MB;CLRZ;202306;t;304,21;0;FT_COMISSIONAMENTO;;OK;104.9;'';P2;AUDIO_CONEXAO;;;;996375173903;ULTRA;;;2,9;;BL 250M SINGLE OU C/ FONE FID;170036294
24/06/2023 00:00;0;BANDA LARGA FIXA;VIRTUA 500 MB;CLRZ;202306;t;344,7;0;FT_COMISSIONAMENTO;;OK;114.9;'';P2;AUDIO_CONEXAO;;;;204001002141;ULTRA;;;3;;BL 500M SINGLE OU C/ FONE BWF PON FID;170036294
20/06/2023 00:00;0;BANDA LARGA FIXA;VIRTUA 250 MB;CLRZ;202306;t;314,67;0;FT_COMISSIONAMENTO;;OK;104.89;'';P2;AUDIO_CONEXAO;;;;91380414070;ULTRA;;;3;;BL 250M AQS BS FID;170036294
20/06/2023 00:00;0;BANDA LARGA FIXA;VIRTUA 125 MB;CLRZ;202306;t;246,21;0;FT_COMISSIONAMENTO;;OK;84.9;'';P2;AUDIO_CONEXAO;;;;88624681589;ULTRA;;;2,9;;BL 125M SINGLE OU C/ FONE FID;170036294
22/06/2023 00:00;0;BANDA LARGA FIXA;VIRTUA 250 MB;CLRZ;202306;t;304,21;0;FT_COMISSIONAMENTO;;OK;104.9;'';P2;AUDIO_CONEXAO;;;;86366792416;ULTRA;;;2,9;;BL 250M SINGLE OU C/ FONE FID;170036294
22/06/2023 00:00;0;COMISSOES ADICIONAIS;BONUS META PAP INDIRETO;CLRZ;202306;t;31,47;0;BONUS META PAP INDIRETO;;OK;104.9;'';P2;AUDIO_CONEXAO;;;;749001447700;ULTRA;;;0,3;;VIRTUA 250 MB;170036294
22/06/2023 00:00;0;COMISSOES ADICIONAIS;BONUS META PAP INDIRETO;CLRZ;202306;t;31,47;0;BONUS META PAP INDIRETO;;OK;104.9;'';P2;AUDIO_CONEXAO;;;;593001002644;ULTRA;;;0,3;;VIRTUA 500 MB;170036294
21/06/2023 00:00;0;COMISSOES ADICIONAIS;BONUS META PAP INDIRETO;CLRZ;202306;t;25,47;0;BONUS META PAP INDIRETO;;OK;84.89;'';P2;AUDIO_CONEXAO;;;;996375174500;ULTRA;;;0,3;;VIRTUA 125 MB;170036294
21/06/2023 00:00;0;COMISSOES ADICIONAIS;BONUS META PAP INDIRETO;CLRZ;202306;t;31,47;0;BONUS META PAP INDIRETO;;OK;104.9;'';P2;AUDIO_CONEXAO;;;;996375172982;ULTRA;;;0,3;;VIRTUA 250 MB;170036294
22/06/2023 00:00;0;COMISSOES ADICIONAIS;BONUS META PAP INDIRETO;CLRZ;202306;t;31,47;0;BONUS META PAP INDIRETO;;OK;104.9;'';P2;AUDIO_CONEXAO;;;;89341547114;ULTRA;;;0,3;;VIRTUA 500 MB;170036294
30/06/2023 00:00;0;COMISSOES ADICIONAIS;BONUS META PAP INDIRETO;CLRZ;202306;t;37,5;0;BONUS META PAP INDIRETO;;OK;124.99;'';P2;AUDIO_CONEXAO;;;;927001000191;ULTRA;;;0,3;;VIRTUA 250 MB;170036294
19/06/2023 00:00;0;COMISSOES ADICIONAIS;BONUS META PAP INDIRETO;CLRZ;202306;t;20,98;0;BONUS META PAP INDIRETO;;OK;104.9;'';P2;AUDIO_CONEXAO;;;;213001118661;ULTRA;;;0,2;;CLARO TV MAIS BOX;170036294
19/06/2023 00:00;0;COMISSOES ADICIONAIS;BONUS META PAP INDIRETO;CLRZ;202306;t;34,47;0;BONUS META PAP INDIRETO;;OK;114.9;'';P2;AUDIO_CONEXAO;;;;331001002399;ULTRA;;;0,3;;VIRTUA 500 MB;170036294
16/06/2023 00:00;0;COMISSOES ADICIONAIS;BONUS META PAP INDIRETO;CLRZ;202306;t;31,47;0;BONUS META PAP INDIRETO;;OK;104.9;'';P2;AUDIO_CONEXAO;;;;884623374411;ULTRA;;;0,3;;VIRTUA 350 MB;170036294
15/06/2023 00:00;0;COMISSOES ADICIONAIS;BONUS META PAP INDIRETO;CLRZ;202306;t;25,47;0;BONUS META PAP INDIRETO;;OK;84.9;'';P2;AUDIO_CONEXAO;;;;996375172176;ULTRA;;;0,3;;VIRTUA 125 MB;170036294
15/06/2023 00:00;0;COMISSOES ADICIONAIS;BONUS META PAP INDIRETO;CLRZ;202306;t;31,47;0;BONUS META PAP INDIRETO;;OK;104.9;'';P2;AUDIO_CONEXAO;;;;996375172249;ULTRA;;;0,3;;VIRTUA 250 MB;170036294
24/06/2023 00:00;0;BANDA LARGA FIXA;VIRTUA 350 MB;CLRZ;202306;t;304,21;0;FT_COMISSIONAMENTO;;OK;104.9;'';P2;AUDIO_CONEXAO;;;;86366781317;ULTRA;;;2,9;;BL 350M COMBINADO FID;170036294
24/06/2023 00:00;0;BANDA LARGA FIXA;VIRTUA 500 MB;CLRZ;202306;t;420,18;0;FT_COMISSIONAMENTO;;OK;144.89;'';P2;AUDIO_CONEXAO;;;;996375176058;ULTRA;;;2,9;;BL 500M SINGLE OU C/ FONE AQS BS FID;170036294
26/06/2023 00:00;0;BANDA LARGA FIXA;VIRTUA 250 MB;CLRZ;202306;t;304,21;0;FT_COMISSIONAMENTO;;OK;104.9;'';P2;AUDIO_CONEXAO;;;;278001789056;ULTRA;;;2,9;;BL 250M SINGLE OU C/ FONE FID;170036294
16/06/2023 00:00;0;BANDA LARGA FIXA;VIRTUA 500 MB;CLRZ;202306;f;0;95;FT_COMISSIONAMENTO;;SEM DOCUMENTACAO;114.89;'';P2;;;;;506001001168;ULTRA;;;3;;BL 500M SINGLE/FONE AQS BS BWF PON FID;
21/06/2023 00:00;0;COMISSOES ADICIONAIS;BONUS META PAP INDIRETO;CLRZ;202306;t;31,47;0;BONUS META PAP INDIRETO;;OK;104.9;'';P2;AUDIO_CONEXAO;;;;749001447611;ULTRA;;;0,3;;VIRTUA 250 MB;170036294
26/06/2023 00:00;0;COMISSOES ADICIONAIS;BONUS META PAP INDIRETO;CLRZ;202306;t;31,47;0;BONUS META PAP INDIRETO;;OK;104.89;'';P2;AUDIO_CONEXAO;;;;996375176651;ULTRA;;;0,3;;VIRTUA 250 MB;170036294
16/06/2023 00:00;0;COMISSOES ADICIONAIS;BONUS META PAP INDIRETO;CLRZ;202306;t;34,47;0;BONUS META PAP INDIRETO;;OK;114.9;'';P2;AUDIO_CONEXAO;;;;506001001117;ULTRA;;;0,3;;VIRTUA 500 MB;170036294
29/06/2023 00:00;0;COMISSOES ADICIONAIS;BONUS META PAP INDIRETO;CLRZ;202306;t;31,47;0;BONUS META PAP INDIRETO;;OK;104.9;'';P2;AUDIO_CONEXAO;;;;884623393165;ULTRA;;;0,3;;VIRTUA 250 MB;170036294
03/06/2023 00:00;0;COMISSOES ADICIONAIS;BONUS META PAP INDIRETO;CLRZ;202306;t;31,47;0;BONUS META PAP INDIRETO;;OK;104.9;'';P2;AUDIO_CONEXAO;;;;996375167580;ULTRA;;;0,3;;VIRTUA 250 MB;170036294
03/06/2023 00:00;0;COMISSOES ADICIONAIS;BONUS META PAP INDIRETO;CLRZ;202306;t;25,47;0;BONUS META PAP INDIRETO;;OK;84.9;'';P2;AUDIO_CONEXAO;;;;996375167830;ULTRA;;;0,3;;VIRTUA 125 MB;170036294
05/06/2023 00:00;0;COMISSOES ADICIONAIS;BONUS META PAP INDIRETO;CLRZ;202306;t;25,47;0;BONUS META PAP INDIRETO;;OK;84.9;'';P2;AUDIO_CONEXAO;;;;996375167849;ULTRA;;;0,3;;VIRTUA 125 MB;170036294
05/06/2023 00:00;0;COMISSOES ADICIONAIS;BONUS META PAP INDIRETO;CLRZ;202306;t;25,47;0;BONUS META PAP INDIRETO;;OK;84.9;'';P2;AUDIO_CONEXAO;;;;996375167857;ULTRA;;;0,3;;VIRTUA 125 MB;170036294
07/06/2023 00:00;0;COMISSOES ADICIONAIS;BONUS META PAP INDIRETO;CLRZ;202306;t;25,47;0;BONUS META PAP INDIRETO;;OK;84.9;'';P2;AUDIO_CONEXAO;;;;996375168080;ULTRA;;;0,3;;VIRTUA 125 MB;170036294
12/06/2023 00:00;0;COMISSOES ADICIONAIS;BONUS META PAP INDIRETO;CLRZ;202306;t;25,47;0;BONUS META PAP INDIRETO;;OK;84.9;'';P2;AUDIO_CONEXAO;;;;996375168756;ULTRA;;;0,3;;VIRTUA 125 MB;170036294
07/06/2023 00:00;0;COMISSOES ADICIONAIS;BONUS META PAP INDIRETO;CLRZ;202306;t;25,47;0;BONUS META PAP INDIRETO;;OK;84.9;'';P2;AUDIO_CONEXAO;;;;996375168764;ULTRA;;;0,3;;VIRTUA 125 MB;170036294
26/06/2023 00:00;0;COMISSOES ADICIONAIS;BONUS META PAP INDIRETO;CLRZ;202306;t;31,47;0;BONUS META PAP INDIRETO;;OK;104.9;'';P2;AUDIO_CONEXAO;;;;868001074180;ULTRA;;;0,3;;VIRTUA 250 MB;170036294
30/06/2023 00:00;0;COMISSOES ADICIONAIS;BONUS META PAP INDIRETO;CLRZ;202306;t;40,5;0;BONUS META PAP INDIRETO;;OK;135;'';P2;AUDIO_CONEXAO;;;;749001449118;ULTRA;;;0,3;;VIRTUA 600 MB;170036294
28/06/2023 00:00;0;BANDA LARGA FIXA;VIRTUA 500 MB;CLRZ;202306;t;344,7;0;FT_COMISSIONAMENTO;;OK;114.9;'';P2;AUDIO_CONEXAO;;;;204001002257;ULTRA;;;3;;BL 500M SINGLE OU C/ FONE BWF PON FID;170036294
16/06/2023 00:00;0;BANDA LARGA FIXA;VIRTUA 500 MB;CLRZ;202306;t;344,7;0;FT_COMISSIONAMENTO;;OK;114.9;'';P2;AUDIO_CONEXAO;;;;506001001117;ULTRA;;;3;;BL 500M SINGLE OU C/ FONE BWF PON FID;170036294
16/06/2023 00:00;0;BANDA LARGA FIXA;VIRTUA 500 MB;CLRZ;202306;t;344,67;0;FT_COMISSIONAMENTO;;OK;114.89;'';P2;AUDIO_CONEXAO;;;;506001001125;ULTRA;;;3;;BL 500M SINGLE/FONE AQS BS BWF PON FID;170036294
16/06/2023 00:00;0;BANDA LARGA FIXA;VIRTUA 500 MB;CLRZ;202306;f;0;95;FT_COMISSIONAMENTO;;SEM DOCUMENTACAO;144.89;'';P2;;;;;996375170750;ULTRA;;;3;;BL 500M SINGLE OU C/ FONE AQS BS FID;
16/06/2023 00:00;0;BANDA LARGA FIXA;VIRTUA 250 MB;CLRZ;202306;t;304,21;0;FT_COMISSIONAMENTO;;OK;104.9;'';P2;AUDIO_CONEXAO;;;;379001244328;ULTRA;;;2,9;;BL 250M SINGLE OU C/ FONE BWF PON FID;170036294
16/06/2023 00:00;0;BANDA LARGA FIXA;VIRTUA 500 MB;CLRZ;202306;t;314,7;0;FT_COMISSIONAMENTO;;OK;104.9;'';P2;AUDIO_CONEXAO;;;;89341546274;ULTRA;;;3;;BL 500M SINGLE OU C/ FONE BWF PON FID;170036294
20/06/2023 00:00;0;BANDA LARGA FIXA;VIRTUA 350 MB;CLRZ;202306;t;314,7;0;FT_COMISSIONAMENTO;;OK;104.9;'';P2;AUDIO_CONEXAO;;;;89341547130;ULTRA;;;3;;BL 350M EMP PME CNPJ FID;170036294
22/06/2023 00:00;0;BANDA LARGA FIXA;VIRTUA 125 MB;CLRZ;202306;t;246,21;0;FT_COMISSIONAMENTO;;OK;84.9;'';P2;AUDIO_CONEXAO;;;;379001244794;ULTRA;;;2,9;;BL 125M SINGLE OU C/ FONE BWF PON FID;170036294
20/06/2023 00:00;0;COMISSOES ADICIONAIS;BONUS META PAP INDIRETO;CLRZ;202306;t;31,47;0;BONUS META PAP INDIRETO;;OK;104.89;'';P2;AUDIO_CONEXAO;;;;91380414045;ULTRA;;;0,3;;VIRTUA 250 MB;170036294
26/06/2023 00:00;0;COMISSOES ADICIONAIS;BONUS META PAP INDIRETO;CLRZ;202306;t;31,47;0;BONUS META PAP INDIRETO;;OK;104.9;'';P2;AUDIO_CONEXAO;;;;996375176090;ULTRA;;;0,3;;VIRTUA 250 MB;170036294
26/06/2023 00:00;0;COMISSOES ADICIONAIS;BONUS META PAP INDIRETO;CLRZ;202306;t;25,47;0;BONUS META PAP INDIRETO;;OK;84.9;'';P2;AUDIO_CONEXAO;;;;91380414762;ULTRA;;;0,3;;VIRTUA 125 MB;170036294
16/06/2023 00:00;0;COMISSOES ADICIONAIS;BONUS META PAP INDIRETO;CLRZ;202306;t;34,47;0;BONUS META PAP INDIRETO;;OK;114.89;'';P2;AUDIO_CONEXAO;;;;506001001125;ULTRA;;;0,3;;VIRTUA 500 MB;170036294
16/06/2023 00:00;0;COMISSOES ADICIONAIS;BONUS META PAP INDIRETO;CLRZ;202306;t;31,47;0;BONUS META PAP INDIRETO;;OK;104.9;'';P2;AUDIO_CONEXAO;;;;379001244328;ULTRA;;;0,3;;VIRTUA 250 MB;170036294
28/06/2023 00:00;0;COMISSOES ADICIONAIS;BONUS META PAP INDIRETO;CLRZ;202306;t;31,47;0;BONUS META PAP INDIRETO;;OK;104.9;'';P2;AUDIO_CONEXAO;;;;593001003586;ULTRA;;;0,3;;VIRTUA 250 MB;170036294
14/06/2023 00:00;0;COMISSOES ADICIONAIS;BONUS META PAP INDIRETO;CLRZ;202306;t;25,47;0;BONUS META PAP INDIRETO;;OK;84.9;'';P2;AUDIO_CONEXAO;;;;996375171730;ULTRA;;;0,3;;VIRTUA 125 MB;170036294
26/06/2023 00:00;0;COMISSOES ADICIONAIS;BONUS META PAP INDIRETO;CLRZ;202306;t;31,47;0;BONUS META PAP INDIRETO;;OK;104.9;'';P2;AUDIO_CONEXAO;;;;213001119765;ULTRA;;;0,3;;VIRTUA 500 MB;170036294
05/04/2023 00:00;0;ESTORNO;VIRTUA 250 MB;CLRZ;202306;t;-356,66;0;CARROSSEL;;OK;0;'';P2;AUDIO_CONEXAO;;;;86366732740;ULTRA;;;3,4;;BL 250M SINGLE OU C/ FONE FID;170036294
23/06/2023 00:00;0;TV;CLARO TV MAIS BOX;CLRZ;202306;t;304,21;0;FT_COMISSIONAMENTO;;OK;104.9;'';P2;AUDIO_CONEXAO;;;;213001119390;ULTRA;;;2,9;;CLARO STREAMING HD TVMAIS TOP VOZ STX;170036294
23/06/2023 00:00;0;BANDA LARGA FIXA;VIRTUA 250 MB;CLRZ;202306;t;304,21;0;FT_COMISSIONAMENTO;;OK;104.9;'';P2;AUDIO_CONEXAO;;;;86366792998;ULTRA;;;2,9;;BL 250M SINGLE OU C/ FONE FID;170036294
27/06/2023 00:00;0;BANDA LARGA FIXA;VIRTUA 300 MB;CLRZ;202306;t;478,5;0;FT_COMISSIONAMENTO;;OK;165;'';P2;AUDIO_CONEXAO;;;;749001448537;ULTRA;;;2,9;;BL 300M IP FIXO EMP PME PON FID;170036294
16/06/2023 00:00;0;TV;CLARO TV MAIS BOX;CLRZ;202306;t;304,21;0;FT_COMISSIONAMENTO;;OK;104.9;'';P2;AUDIO_CONEXAO;;;;884623374411;ULTRA;;;2,9;;CLARO STREAMING HD TVMAIS TOP VOZ STX;170036294
20/06/2023 00:00;0;BANDA LARGA FIXA;VIRTUA 125 MB;CLRZ;202306;t;254,7;0;FT_COMISSIONAMENTO;;OK;84.9;'';P2;AUDIO_CONEXAO;;;;884623380888;ULTRA;;;3;;BL 125M COMBINADO FID;170036294
23/06/2023 00:00;0;BANDA LARGA FIXA;VIRTUA 150 MB;CLRZ;202306;t;275,21;0;FT_COMISSIONAMENTO;;OK;94.9;'';P2;AUDIO_CONEXAO;;;;749001447913;ULTRA;;;2,9;;BL 150M EMP PME CNPJ PON FID;170036294
23/06/2023 00:00;0;BANDA LARGA FIXA;VIRTUA 600 MB;CLRZ;202306;f;0;95;FT_COMISSIONAMENTO;;SEM DOCUMENTACAO;115;'';P2;;;;;331001003336;ULTRA;;;3;;BL 600M EMP PME 1P CNPJ PON FID;
23/06/2023 00:00;0;COMISSOES ADICIONAIS;BONUS META PAP INDIRETO;CLRZ;202306;t;31,47;0;BONUS META PAP INDIRETO;;OK;104.9;'';P2;AUDIO_CONEXAO;;;;749001447824;ULTRA;;;0,3;;VIRTUA 250 MB;170036294
27/06/2023 00:00;0;COMISSOES ADICIONAIS;BONUS META PAP INDIRETO;CLRZ;202306;t;31,47;0;BONUS META PAP INDIRETO;;OK;104.9;'';P2;AUDIO_CONEXAO;;;;996375175574;ULTRA;;;0,3;;VIRTUA 250 MB;170036294
27/06/2023 00:00;0;COMISSOES ADICIONAIS;BONUS META PAP INDIRETO;CLRZ;202306;t;25,47;0;BONUS META PAP INDIRETO;;OK;84.9;'';P2;AUDIO_CONEXAO;;;;996375177259;ULTRA;;;0,3;;VIRTUA 125 MB;170036294
27/06/2023 00:00;0;COMISSOES ADICIONAIS;BONUS META PAP INDIRETO;CLRZ;202306;t;31,47;0;BONUS META PAP INDIRETO;;OK;104.9;'';P2;AUDIO_CONEXAO;;;;996375176040;ULTRA;;;0,3;;VIRTUA 250 MB;170036294
27/06/2023 00:00;0;COMISSOES ADICIONAIS;BONUS META PAP INDIRETO;CLRZ;202306;t;31,47;0;BONUS META PAP INDIRETO;;OK;104.9;'';P2;AUDIO_CONEXAO;;;;363002659277;ULTRA;;;0,3;;VIRTUA 250 MB;170036294
27/06/2023 00:00;0;COMISSOES ADICIONAIS;BONUS META PAP INDIRETO;CLRZ;202306;t;31,47;0;BONUS META PAP INDIRETO;;OK;104.9;'';P2;AUDIO_CONEXAO;;;;86366795156;ULTRA;;;0,3;;VIRTUA 250 MB;170036294
29/06/2023 00:00;0;BANDA LARGA FIXA;VIRTUA 250 MB;CLRZ;202306;t;314,7;0;FT_COMISSIONAMENTO;;OK;104.9;'';P2;AUDIO_CONEXAO;;;;884623393165;ULTRA;;;3;;BL 250M SINGLE OU C/ FONE FID;170036294
29/06/2023 00:00;0;BANDA LARGA FIXA;VIRTUA 500 MB;CLRZ;202306;t;314,7;0;FT_COMISSIONAMENTO;;OK;104.9;'';P2;AUDIO_CONEXAO;;;;819001022988;ULTRA;;;3;;BL 500M SINGLE OU C/ FONE BWF PON FID;170036294
27/06/2023 00:00;0;FONE FIXO;FALE ILIMITADO BRASIL TOTAL;CLRZ;202306;t;84;0;FT_COMISSIONAMENTO;;OK;30;'';P2;AUDIO_CONEXAO;;;;379001244760;ULTRA;;;2,8;;FONE ILIM BR TOTAL - PON 30.00;170031487
26/06/2023 00:00;0;BANDA LARGA FIXA;VIRTUA 250 MB;CLRZ;202306;t;304,21;0;FT_COMISSIONAMENTO;;OK;104.9;'';P2;AUDIO_CONEXAO;;;;868001074180;ULTRA;;;2,9;;BL 250M SINGLE OU C/ FONE BWF PON FID;170036294
26/06/2023 00:00;0;BANDA LARGA FIXA;VIRTUA 500 MB;CLRZ;202306;t;314,7;0;FT_COMISSIONAMENTO;;OK;104.9;'';P2;AUDIO_CONEXAO;;;;213001119765;ULTRA;;;3;;BL 500M SINGLE OU C/ FONE BWF PON FID;170036294
24/06/2023 00:00;0;COMISSOES ADICIONAIS;BONUS META PAP INDIRETO;CLRZ;202306;t;31,47;0;BONUS META PAP INDIRETO;;OK;104.9;'';P2;AUDIO_CONEXAO;;;;203001342868;ULTRA;;;0,3;;VIRTUA 250 MB;170036294
23/06/2023 00:00;0;COMISSOES ADICIONAIS;BONUS META PAP INDIRETO;CLRZ;202306;t;31,47;0;BONUS META PAP INDIRETO;;OK;104.9;'';P2;AUDIO_CONEXAO;;;;213001119390;ULTRA;;;0,3;;VIRTUA 500 MB;170036294
23/06/2023 00:00;0;COMISSOES ADICIONAIS;BONUS META PAP INDIRETO;CLRZ;202306;t;31,47;0;BONUS META PAP INDIRETO;;OK;104.9;'';P2;AUDIO_CONEXAO;;;;213001119595;ULTRA;;;0,3;;VIRTUA 500 MB;170036294
22/06/2023 00:00;0;COMISSOES ADICIONAIS;BONUS META PAP INDIRETO;CLRZ;202306;t;31,47;0;BONUS META PAP INDIRETO;;OK;104.9;'';P2;AUDIO_CONEXAO;;;;213001119110;ULTRA;;;0,3;;VIRTUA 500 MB;170036294
22/06/2023 00:00;0;COMISSOES ADICIONAIS;BONUS META PAP INDIRETO;CLRZ;202306;t;31,47;0;BONUS META PAP INDIRETO;;OK;104.9;'';P2;AUDIO_CONEXAO;;;;213001117746;ULTRA;;;0,3;;VIRTUA 500 MB;170036294
27/06/2023 00:00;0;COMISSOES ADICIONAIS;BONUS META PAP INDIRETO;CLRZ;202306;t;37,47;0;BONUS META PAP INDIRETO;;OK;124.9;'';P2;AUDIO_CONEXAO;;;;749001448677;ULTRA;;;0,3;;VIRTUA 500 MB;170036294
17/06/2023 00:00;0;COMISSOES ADICIONAIS;BONUS META PAP INDIRETO;CLRZ;202306;t;20,98;0;BONUS META PAP INDIRETO;;OK;104.9;'';P2;AUDIO_CONEXAO;;;;68001156890;ULTRA;;;0,2;;CLARO TV MAIS BOX;170036294
22/03/2023 00:00;0;ESTORNO;BONUS TV;CLRZ;202306;t;-31,47;0;CANCELAMENTO 90 DIAS;;OK;0;'';P2;;;;;724001011179;ULTRA;;;0,5;;CLARO TV MAIS BOX;170036294
23/06/2023 00:00;0;BANDA LARGA FIXA;VIRTUA 250 MB;CLRZ;202306;t;304,21;0;FT_COMISSIONAMENTO;;OK;104.9;'';P2;AUDIO_CONEXAO;;;;996375175477;ULTRA;;;2,9;;BL 250M SINGLE OU C/ FONE FID;170036294
24/06/2023 00:00;0;FONE FIXO;FALE ILIMITADO BRASIL;CLRZ;202306;t;84;0;FT_COMISSIONAMENTO;;OK;30;'';P2;AUDIO_CONEXAO;;;;379001244905;ULTRA;;;2,8;;NETFONE EMP PME ILIM BRASIL TOT 1L -GPON;170031487
29/06/2023 00:00;0;BANDA LARGA FIXA;VIRTUA 250 MB;CLRZ;202306;t;304,21;0;FT_COMISSIONAMENTO;;OK;104.9;'';P2;AUDIO_CONEXAO;;;;749001448871;ULTRA;;;2,9;;BL 250M SINGLE OU C/ FONE BWF PON FID;170036294
29/06/2023 00:00;0;BANDA LARGA FIXA;VIRTUA 250 MB;CLRZ;202306;t;304,21;0;FT_COMISSIONAMENTO;;OK;104.9;'';P2;AUDIO_CONEXAO;;;;749001448987;ULTRA;;;2,9;;BL 250M SINGLE OU C/ FONE BWF PON FID;170036294
23/06/2023 00:00;0;FONE FIXO;FALE ILIMITADO BRASIL TOTAL;CLRZ;202306;f;0;117;FT_COMISSIONAMENTO;;CANCELAMENTO OCORREU EM ATE 30 DIAS;0;'';P2;;;;;93301454200;ULTRA;;;2,8;;FONE ILIM BR TOTAL 30.00;
26/06/2023 00:00;0;BANDA LARGA FIXA;VIRTUA 350 MB;CLRZ;202306;f;0;95;FT_COMISSIONAMENTO;;SEM DOCUMENTACAO;104.9;'';P2;;;;;996375171382;ULTRA;;;3;;BL 350M COMBINADO FID;
26/06/2023 00:00;0;BANDA LARGA FIXA;VIRTUA 250 MB;CLRZ;202306;t;304,18;0;FT_COMISSIONAMENTO;;OK;104.89;'';P2;AUDIO_CONEXAO;;;;996375176651;ULTRA;;;2,9;;BL 250M AQS BS FID;170036294
20/06/2023 00:00;0;TV;CLARO TV MAIS BOX;CLRZ;202306;t;304,21;0;FT_COMISSIONAMENTO;;OK;104.9;'';P2;AUDIO_CONEXAO;;;;884623380888;ULTRA;;;2,9;;CLARO STREAMING HD TVMAIS TOP VOZ;170036294
22/06/2023 00:00;0;COMISSOES ADICIONAIS;BONUS META PAP INDIRETO;CLRZ;202306;t;31,47;0;BONUS META PAP INDIRETO;;OK;104.9;'';P2;AUDIO_CONEXAO;;;;213001119102;ULTRA;;;0,3;;VIRTUA 500 MB;170036294
27/06/2023 00:00;0;COMISSOES ADICIONAIS;BONUS META PAP INDIRETO;CLRZ;202306;t;49,5;0;BONUS META PAP INDIRETO;;OK;165;'';P2;AUDIO_CONEXAO;;;;749001448537;ULTRA;;;0,3;;VIRTUA 300 MB;170036294
30/06/2023 00:00;0;COMISSOES ADICIONAIS;BONUS META PAP INDIRETO;CLRZ;202306;t;20,98;0;BONUS META PAP INDIRETO;;OK;104.9;'';P2;AUDIO_CONEXAO;;;;88624688940;ULTRA;;;0,2;;CLARO TV MAIS BOX;170036294
30/06/2023 00:00;0;COMISSOES ADICIONAIS;BONUS META PAP INDIRETO;CLRZ;202306;t;25,47;0;BONUS META PAP INDIRETO;;OK;84.89;'';P2;AUDIO_CONEXAO;;;;996375178328;ULTRA;;;0,3;;VIRTUA 125 MB;170036294
30/06/2023 00:00;0;COMISSOES ADICIONAIS;BONUS META PAP INDIRETO;CLRZ;202306;t;25,47;0;BONUS META PAP INDIRETO;;OK;84.9;'';P2;AUDIO_CONEXAO;;;;379001245219;ULTRA;;;0,3;;VIRTUA 125 MB;170036294
30/06/2023 00:00;0;COMISSOES ADICIONAIS;BONUS META PAP INDIRETO;CLRZ;202306;t;25,47;0;BONUS META PAP INDIRETO;;OK;84.9;'';P2;AUDIO_CONEXAO;;;;93301456016;ULTRA;;;0,3;;VIRTUA 125 MB;170036294
17/06/2023 00:00;0;COMISSOES ADICIONAIS;BONUS META PAP INDIRETO;CLRZ;202306;t;31,47;0;BONUS META PAP INDIRETO;;OK;104.9;'';P2;AUDIO_CONEXAO;;;;213001118300;ULTRA;;;0,3;;VIRTUA 500 MB;170036294
17/06/2023 00:00;0;COMISSOES ADICIONAIS;BONUS META PAP INDIRETO;CLRZ;202306;t;31,47;0;BONUS META PAP INDIRETO;;OK;104.9;'';P2;AUDIO_CONEXAO;;;;213001118521;ULTRA;;;0,3;;VIRTUA 500 MB;170036294
17/06/2023 00:00;0;COMISSOES ADICIONAIS;BONUS META PAP INDIRETO;CLRZ;202306;t;31,47;0;BONUS META PAP INDIRETO;;OK;104.9;'';P2;AUDIO_CONEXAO;;;;213001118378;ULTRA;;;0,3;;VIRTUA 500 MB;170036294
19/06/2023 00:00;0;COMISSOES ADICIONAIS;BONUS META PAP INDIRETO;CLRZ;202306;t;25,47;0;BONUS META PAP INDIRETO;;OK;84.89;'';P2;AUDIO_CONEXAO;;;;91380412506;ULTRA;;;0,3;;VIRTUA 125 MB;170036294
16/06/2023 00:00;0;COMISSOES ADICIONAIS;BONUS META PAP INDIRETO;CLRZ;202306;t;20,98;0;BONUS META PAP INDIRETO;;OK;104.9;'';P2;AUDIO_CONEXAO;;;;884623374411;ULTRA;;;0,2;;CLARO TV MAIS BOX;170036294
20/06/2023 00:00;0;COMISSOES ADICIONAIS;BONUS META PAP INDIRETO;CLRZ;202306;t;31,47;0;BONUS META PAP INDIRETO;;OK;104.9;'';P2;AUDIO_CONEXAO;;;;89341547130;ULTRA;;;0,3;;VIRTUA 350 MB;170036294
17/06/2023 00:00;0;COMISSOES ADICIONAIS;BONUS META PAP INDIRETO;CLRZ;202306;t;31,47;0;BONUS META PAP INDIRETO;;OK;104.9;'';P2;AUDIO_CONEXAO;;;;506001001451;ULTRA;;;0,3;;VIRTUA 500 MB;170036294
23/06/2023 00:00;0;BANDA LARGA FIXA;VIRTUA 250 MB;CLRZ;202306;t;304,18;0;FT_COMISSIONAMENTO;;OK;104.89;'';P2;AUDIO_CONEXAO;;;;996375175493;ULTRA;;;2,9;;BL 250M AQS BS FID;170036294
23/06/2023 00:00;0;BANDA LARGA FIXA;VIRTUA 250 MB;CLRZ;202306;t;314,7;0;FT_COMISSIONAMENTO;;OK;104.9;'';P2;AUDIO_CONEXAO;;;;91380414886;ULTRA;;;3;;BL 250M SINGLE OU C/ FONE FID;170036294
21/06/2023 00:00;0;BANDA LARGA FIXA;VIRTUA 500 MB;CLRZ;202306;t;314,7;0;FT_COMISSIONAMENTO;;OK;104.9;'';P2;AUDIO_CONEXAO;;;;819001022066;ULTRA;;;3;;BL 500M SINGLE OU C/ FONE BWF PON FID;170036294
26/06/2023 00:00;0;BANDA LARGA FIXA;VIRTUA 250 MB;CLRZ;202306;t;304,21;0;FT_COMISSIONAMENTO;;OK;104.9;'';P2;AUDIO_CONEXAO;;;;996375176090;ULTRA;;;2,9;;BL 250M SINGLE OU C/ FONE FID;170036294
21/06/2023 00:00;0;COMISSOES ADICIONAIS;BONUS META PAP INDIRETO;CLRZ;202306;t;31,47;0;BONUS META PAP INDIRETO;;OK;104.9;'';P2;AUDIO_CONEXAO;;;;89341546959;ULTRA;;;0,3;;VIRTUA 500 MB;170036294
21/06/2023 00:00;0;COMISSOES ADICIONAIS;BONUS META PAP INDIRETO;CLRZ;202306;t;31,47;0;BONUS META PAP INDIRETO;;OK;104.9;'';P2;AUDIO_CONEXAO;;;;89341547033;ULTRA;;;0,3;;VIRTUA 500 MB;170036294
21/06/2023 00:00;0;COMISSOES ADICIONAIS;BONUS META PAP INDIRETO;CLRZ;202306;t;31,47;0;BONUS META PAP INDIRETO;;OK;104.9;'';P2;AUDIO_CONEXAO;;;;89341547025;ULTRA;;;0,3;;VIRTUA 500 MB;170036294
17/06/2023 00:00;0;COMISSOES ADICIONAIS;BONUS META PAP INDIRETO;CLRZ;202306;t;34,47;0;BONUS META PAP INDIRETO;;OK;114.9;'';P2;AUDIO_CONEXAO;;;;506001001389;ULTRA;;;0,3;;VIRTUA 500 MB;170036294
17/06/2023 00:00;0;COMISSOES ADICIONAIS;BONUS META PAP INDIRETO;CLRZ;202306;t;31,47;0;BONUS META PAP INDIRETO;;OK;104.9;'';P2;AUDIO_CONEXAO;;;;996375170521;ULTRA;;;0,3;;VIRTUA 250 MB;170036294
17/06/2023 00:00;0;COMISSOES ADICIONAIS;BONUS META PAP INDIRETO;CLRZ;202306;t;25,47;0;BONUS META PAP INDIRETO;;OK;84.9;'';P2;AUDIO_CONEXAO;;;;996375172214;ULTRA;;;0,3;;VIRTUA 125 MB;170036294
17/06/2023 00:00;0;COMISSOES ADICIONAIS;BONUS META PAP INDIRETO;CLRZ;202306;t;31,47;0;BONUS META PAP INDIRETO;;OK;104.89;'';P2;AUDIO_CONEXAO;;;;379001244379;ULTRA;;;0,3;;VIRTUA 250 MB;170036294
17/06/2023 00:00;0;COMISSOES ADICIONAIS;BONUS META PAP INDIRETO;CLRZ;202306;t;31,47;0;BONUS META PAP INDIRETO;;OK;104.89;'';P2;AUDIO_CONEXAO;;;;89341545804;ULTRA;;;0,3;;VIRTUA 500 MB;170036294
29/06/2023 00:00;0;COMISSOES ADICIONAIS;BONUS META PAP INDIRETO;CLRZ;202306;t;31,47;0;BONUS META PAP INDIRETO;;OK;104.9;'';P2;AUDIO_CONEXAO;;;;749001448871;ULTRA;;;0,3;;VIRTUA 250 MB;170036294
29/06/2023 00:00;0;COMISSOES ADICIONAIS;BONUS META PAP INDIRETO;CLRZ;202306;t;31,47;0;BONUS META PAP INDIRETO;;OK;104.9;'';P2;AUDIO_CONEXAO;;;;749001448987;ULTRA;;;0,3;;VIRTUA 250 MB;170036294
17/06/2023 00:00;0;COMISSOES ADICIONAIS;BONUS META PAP INDIRETO;CLRZ;202306;t;31,47;0;BONUS META PAP INDIRETO;;OK;104.9;'';P2;AUDIO_CONEXAO;;;;68001156890;ULTRA;;;0,3;;VIRTUA 500 MB;170036294
29/06/2023 00:00;0;COMISSOES ADICIONAIS;BONUS META PAP INDIRETO;CLRZ;202306;t;52,5;0;BONUS META PAP INDIRETO;;OK;174.99;'';P2;AUDIO_CONEXAO;;;;927001000140;ULTRA;;;0,3;;VIRTUA 500 MB;170036294
08/05/2023 00:00;0;ESTORNO;VIRTUA 250 MB;CLRZ;202306;t;-356,66;0;CARROSSEL;;OK;0;'';P2;AUDIO_CONEXAO;;;;86366758625;ULTRA;;;3,4;;BL 250M SINGLE OU C/ FONE BWF PON FID;170036294
26/06/2023 00:00;0;BANDA LARGA FIXA;VIRTUA 125 MB;CLRZ;202306;t;254,7;0;FT_COMISSIONAMENTO;;OK;84.9;'';P2;AUDIO_CONEXAO;;;;91380414762;ULTRA;;;3;;BL 125M SINGLE OU C/ FONE FID;170036294
29/06/2023 00:00;0;BANDA LARGA FIXA;VIRTUA 250 MB;CLRZ;202306;t;304,21;0;FT_COMISSIONAMENTO;;OK;104.9;'';P2;AUDIO_CONEXAO;;;;88624688036;ULTRA;;;2,9;;BL 250M SINGLE OU C/ FONE FID;170036294
22/06/2023 00:00;0;BANDA LARGA FIXA;VIRTUA 500 MB;CLRZ;202306;f;0;17;FT_COMISSIONAMENTO;;CIDADE FORA DA AREA DE ABRANGENCIA;104.9;'';P2;AUDIO_CONEXAO;;;;293001040496;ULTRA;;;3;;BL 500M SINGLE OU C/ FONE BWF PON FID;
21/06/2023 00:00;0;COMISSOES ADICIONAIS;BONUS META PAP INDIRETO;CLRZ;202306;t;31,47;0;BONUS META PAP INDIRETO;;OK;104.9;'';P2;AUDIO_CONEXAO;;;;819001022066;ULTRA;;;0,3;;VIRTUA 500 MB;170036294
20/06/2023 00:00;0;COMISSOES ADICIONAIS;BONUS META PAP INDIRETO;CLRZ;202306;t;31,47;0;BONUS META PAP INDIRETO;;OK;104.9;'';P2;AUDIO_CONEXAO;;;;593001002474;ULTRA;;;0,3;;VIRTUA 250 MB;170036294
20/06/2023 00:00;0;COMISSOES ADICIONAIS;BONUS META PAP INDIRETO;CLRZ;202306;t;25,47;0;BONUS META PAP INDIRETO;;OK;84.89;'';P2;AUDIO_CONEXAO;;;;996375173458;ULTRA;;;0,3;;VIRTUA 125 MB;170036294
20/06/2023 00:00;0;COMISSOES ADICIONAIS;BONUS META PAP INDIRETO;CLRZ;202306;t;25,47;0;BONUS META PAP INDIRETO;;OK;84.89;'';P2;AUDIO_CONEXAO;;;;996375173946;ULTRA;;;0,3;;VIRTUA 125 MB;170036294
20/06/2023 00:00;0;COMISSOES ADICIONAIS;BONUS META PAP INDIRETO;CLRZ;202306;t;31,47;0;BONUS META PAP INDIRETO;;OK;104.9;'';P2;AUDIO_CONEXAO;;;;86366789954;ULTRA;;;0,3;;VIRTUA 250 MB;170036294
20/06/2023 00:00;0;COMISSOES ADICIONAIS;BONUS META PAP INDIRETO;CLRZ;202306;t;31,47;0;BONUS META PAP INDIRETO;;OK;104.89;'';P2;AUDIO_CONEXAO;;;;86366789768;ULTRA;;;0,3;;VIRTUA 250 MB;170036294
20/06/2023 00:00;0;COMISSOES ADICIONAIS;BONUS META PAP INDIRETO;CLRZ;202306;t;31,47;0;BONUS META PAP INDIRETO;;OK;104.9;'';P2;AUDIO_CONEXAO;;;;86366790499;ULTRA;;;0,3;;VIRTUA 250 MB;170036294
20/06/2023 00:00;0;COMISSOES ADICIONAIS;BONUS META PAP INDIRETO;CLRZ;202306;t;20,98;0;BONUS META PAP INDIRETO;;OK;104.9;'';P2;AUDIO_CONEXAO;;;;884623380888;ULTRA;;;0,2;;CLARO TV MAIS BOX;170036294
26/06/2023 00:00;0;COMISSOES ADICIONAIS;BONUS META PAP INDIRETO;CLRZ;202306;t;31,47;0;BONUS META PAP INDIRETO;;OK;104.9;'';P2;AUDIO_CONEXAO;;;;278001789056;ULTRA;;;0,3;;VIRTUA 250 MB;170036294
28/06/2023 00:00;0;COMISSOES ADICIONAIS;BONUS META PAP INDIRETO;CLRZ;202306;t;31,47;0;BONUS META PAP INDIRETO;;OK;104.9;'';P2;AUDIO_CONEXAO;;;;884623390662;ULTRA;;;0,3;;VIRTUA 350 MB;170036294
28/06/2023 00:00;0;COMISSOES ADICIONAIS;BONUS META PAP INDIRETO;CLRZ;202306;t;31,47;0;BONUS META PAP INDIRETO;;OK;104.9;'';P2;AUDIO_CONEXAO;;;;749001448804;ULTRA;;;0,3;;VIRTUA 350 MB;170036294
31/05/2023 00:00;0;ESTORNO;VIRTUA 250 MB;CLRZ;202306;t;-356,66;0;CARROSSEL;;OK;0;'';P2;AUDIO_CONEXAO;;;;203001338488;ULTRA;;;3,4;;BL 250M SINGLE OU C/ FONE BWF PON FID;170036294
27/06/2023 00:00;0;BANDA LARGA FIXA;VIRTUA 250 MB;CLRZ;202306;t;304,21;0;FT_COMISSIONAMENTO;;OK;104.9;'';P2;AUDIO_CONEXAO;;;;86366795156;ULTRA;;;2,9;;BL 250M SINGLE OU C/ FONE BWF PON FID;170036294
21/06/2023 00:00;0;BANDA LARGA FIXA;VIRTUA 500 MB;CLRZ;202306;t;304,21;0;FT_COMISSIONAMENTO;;OK;104.9;'';P2;AUDIO_CONEXAO;;;;752002024383;ULTRA;;;2,9;;BL 500M SINGLE OU C/ FONE FID;170036294
16/06/2023 00:00;0;BANDA LARGA FIXA;VIRTUA 350 MB;CLRZ;202306;t;314,7;0;FT_COMISSIONAMENTO;;OK;104.9;'';P2;AUDIO_CONEXAO;;;;884623374411;ULTRA;;;3;;BL 350M COMBINADO FID;170036294
20/06/2023 00:00;0;BANDA LARGA FIXA;VIRTUA 250 MB;CLRZ;202306;t;314,7;0;FT_COMISSIONAMENTO;;OK;104.9;'';P2;AUDIO_CONEXAO;;;;593001002474;ULTRA;;;3;;BL 250M SINGLE OU C/ FONE BWF PON FID;170036294
21/06/2023 00:00;0;BANDA LARGA FIXA;VIRTUA 250 MB;CLRZ;202306;t;304,21;0;FT_COMISSIONAMENTO;;OK;104.9;'';P2;AUDIO_CONEXAO;;;;749001447611;ULTRA;;;2,9;;BL 250M SINGLE OU C/ FONE BWF PON FID;170036294
24/06/2023 00:00;0;COMISSOES ADICIONAIS;BONUS META PAP INDIRETO;CLRZ;202306;t;31,47;0;BONUS META PAP INDIRETO;;OK;104.9;'';P2;AUDIO_CONEXAO;;;;749001447832;ULTRA;;;0,3;;VIRTUA 250 MB;170036294
23/06/2023 00:00;0;COMISSOES ADICIONAIS;BONUS META PAP INDIRETO;CLRZ;202306;t;31,47;0;BONUS META PAP INDIRETO;;OK;104.9;'';P2;AUDIO_CONEXAO;;;;996375175477;ULTRA;;;0,3;;VIRTUA 250 MB;170036294
28/06/2023 00:00;0;COMISSOES ADICIONAIS;BONUS META PAP INDIRETO;CLRZ;202306;t;31,47;0;BONUS META PAP INDIRETO;;OK;104.9;'';P2;AUDIO_CONEXAO;;;;86366796314;ULTRA;;;0,3;;VIRTUA 250 MB;170036294
27/06/2023 00:00;0;COMISSOES ADICIONAIS;BONUS META PAP INDIRETO;CLRZ;202306;t;31,47;0;BONUS META PAP INDIRETO;;OK;104.9;'';P2;AUDIO_CONEXAO;;;;88624684189;ULTRA;;;0,3;;VIRTUA 250 MB;170036294
27/06/2023 00:00;0;COMISSOES ADICIONAIS;BONUS META PAP INDIRETO;CLRZ;202306;t;25,47;0;BONUS META PAP INDIRETO;;OK;84.9;'';P2;AUDIO_CONEXAO;;;;88624684936;ULTRA;;;0,3;;VIRTUA 125 MB;170036294
27/06/2023 00:00;0;COMISSOES ADICIONAIS;BONUS META PAP INDIRETO;CLRZ;202306;t;31,47;0;BONUS META PAP INDIRETO;;OK;104.89;'';P2;AUDIO_CONEXAO;;;;88624686416;ULTRA;;;0,3;;VIRTUA 250 MB;170036294
16/06/2023 00:00;0;COMISSOES ADICIONAIS;BONUS META PAP INDIRETO;CLRZ;202306;t;31,47;0;BONUS META PAP INDIRETO;;OK;104.9;'';P2;AUDIO_CONEXAO;;;;89341546274;ULTRA;;;0,3;;VIRTUA 500 MB;170036294
20/06/2023 00:00;0;COMISSOES ADICIONAIS;BONUS META PAP INDIRETO;CLRZ;202306;t;25,47;0;BONUS META PAP INDIRETO;;OK;84.9;'';P2;AUDIO_CONEXAO;;;;884623380888;ULTRA;;;0,3;;VIRTUA 125 MB;170036294
28/06/2023 00:00;0;BANDA LARGA FIXA;VIRTUA 350 MB;CLRZ;202306;t;304,21;0;FT_COMISSIONAMENTO;;OK;104.9;'';P2;AUDIO_CONEXAO;;;;749001448804;ULTRA;;;2,9;;BL 350M COMBINADO BWF PON FID;170036294
20/06/2023 00:00;0;BANDA LARGA FIXA;VIRTUA 250 MB;CLRZ;202306;t;304,21;0;FT_COMISSIONAMENTO;;OK;104.9;'';P2;AUDIO_CONEXAO;;;;86366789954;ULTRA;;;2,9;;BL 250M SINGLE OU C/ FONE BWF PON FID;170036294
22/06/2023 00:00;0;FONE FIXO;FALE ILIMITADO BRASIL TOTAL;CLRZ;202306;f;0;117;FT_COMISSIONAMENTO;;CANCELAMENTO OCORREU EM ATE 30 DIAS;0;'';P2;AUDIO_CONEXAO;;;;749001447417;ULTRA;;;2,8;;FONE ILIM BR TOT BWF PON 30.00;
26/06/2023 00:00;0;BANDA LARGA FIXA;VIRTUA 250 MB;CLRZ;202306;t;304,21;0;FT_COMISSIONAMENTO;;OK;104.9;'';P2;AUDIO_CONEXAO;;;;86366793390;ULTRA;;;2,9;;BL 250M SINGLE OU C/ FONE FID;170036294
26/06/2023 00:00;0;BANDA LARGA FIXA;VIRTUA 125 MB;CLRZ;202306;t;246,21;0;FT_COMISSIONAMENTO;;OK;84.9;'';P2;AUDIO_CONEXAO;;;;86366794753;ULTRA;;;2,9;;BL 125M SINGLE OU C/ FONE FID;170036294
23/06/2023 00:00;0;COMISSOES ADICIONAIS;BONUS META PAP INDIRETO;CLRZ;202306;t;31,47;0;BONUS META PAP INDIRETO;;OK;104.9;'';P2;AUDIO_CONEXAO;;;;86366792998;ULTRA;;;0,3;;VIRTUA 250 MB;170036294
22/06/2023 00:00;0;COMISSOES ADICIONAIS;BONUS META PAP INDIRETO;CLRZ;202306;t;31,47;0;BONUS META PAP INDIRETO;;OK;104.9;'';P2;AUDIO_CONEXAO;;;;724001012590;ULTRA;;;0,3;;VIRTUA 500 MB;170036294
23/06/2023 00:00;0;COMISSOES ADICIONAIS;BONUS META PAP INDIRETO;CLRZ;202306;t;31,47;0;BONUS META PAP INDIRETO;;OK;104.89;'';P2;AUDIO_CONEXAO;;;;996375175493;ULTRA;;;0,3;;VIRTUA 250 MB;170036294
23/06/2023 00:00;0;COMISSOES ADICIONAIS;BONUS META PAP INDIRETO;CLRZ;202306;t;31,47;0;BONUS META PAP INDIRETO;;OK;104.9;'';P2;AUDIO_CONEXAO;;;;91380414886;ULTRA;;;0,3;;VIRTUA 250 MB;170036294
26/06/2023 00:00;0;COMISSOES ADICIONAIS;BONUS META PAP INDIRETO;CLRZ;202306;t;31,47;0;BONUS META PAP INDIRETO;;OK;104.9;'';P2;AUDIO_CONEXAO;;;;86366793390;ULTRA;;;0,3;;VIRTUA 250 MB;170036294
30/06/2023 00:00;0;COMISSOES ADICIONAIS;BONUS META PAP INDIRETO;CLRZ;202306;t;31,47;0;BONUS META PAP INDIRETO;;OK;104.9;'';P2;AUDIO_CONEXAO;;;;88624688940;ULTRA;;;0,3;;VIRTUA 350 MB;170036294
29/06/2023 00:00;0;COMISSOES ADICIONAIS;BONUS META PAP INDIRETO;CLRZ;202306;t;31,47;0;BONUS META PAP INDIRETO;;OK;104.9;'';P2;AUDIO_CONEXAO;;;;819001022988;ULTRA;;;0,3;;VIRTUA 500 MB;170036294
31/05/2023 00:00;0;COMISSOES ADICIONAIS;CAMPANHA INCENTIVO HC;CLRZ;202306;t;8000;0;CAMPANHA VIRADA CONCORRENCIA;;OK;2000;'';P2;;;;;;MAX;;;4;;;170036294
19/06/2023 00:00;0;COMISSOES ADICIONAIS;BONUS META PAP INDIRETO;CLRZ;202306;t;31,47;0;BONUS META PAP INDIRETO;;OK;104.9;'';P2;AUDIO_CONEXAO;;;;213001118661;ULTRA;;;0,3;;VIRTUA 500 MB;170036294
17/06/2023 00:00;0;COMISSOES ADICIONAIS;BONUS META PAP INDIRETO;CLRZ;202306;t;31,47;0;BONUS META PAP INDIRETO;;OK;104.9;'';P2;AUDIO_CONEXAO;;;;749001447026;ULTRA;;;0,3;;VIRTUA 250 MB;170036294
17/06/2023 00:00;0;COMISSOES ADICIONAIS;BONUS META PAP INDIRETO;CLRZ;202306;t;31,47;0;BONUS META PAP INDIRETO;;OK;104.9;'';P2;AUDIO_CONEXAO;;;;749001446224;ULTRA;;;0,3;;VIRTUA 250 MB;170036294
29/06/2023 00:00;0;BANDA LARGA FIXA;VIRTUA 125 MB;CLRZ;202306;t;246,21;0;FT_COMISSIONAMENTO;;OK;84.9;'';P2;AUDIO_CONEXAO;;;;851001151126;ULTRA;;;2,9;;BL 125M SINGLE OU C/ FONE BWF PON FID;170036294
28/06/2023 00:00;0;TV;CLARO TV MAIS 4K;CLRZ;202306;t;391,21;0;FT_COMISSIONAMENTO;;OK;134.9;'';P2;AUDIO_CONEXAO;;;;884623390662;ULTRA;;;2,9;;CLAROTVMAIS TOP HD 4K VOZ FID;170036294
28/06/2023 00:00;0;BANDA LARGA FIXA;VIRTUA 250 MB;CLRZ;202306;t;304,21;0;FT_COMISSIONAMENTO;;OK;104.9;'';P2;AUDIO_CONEXAO;;;;86366796314;ULTRA;;;2,9;;BL 250M SINGLE OU C/ FONE FID;170036294
28/06/2023 00:00;0;BANDA LARGA FIXA;VIRTUA 350 MB;CLRZ;202306;t;314,7;0;FT_COMISSIONAMENTO;;OK;104.9;'';P2;AUDIO_CONEXAO;;;;884623390662;ULTRA;;;3;;BL 350M COMBINADO FID;170036294
22/06/2023 00:00;0;BANDA LARGA FIXA;VIRTUA 500 MB;CLRZ;202306;t;314,7;0;FT_COMISSIONAMENTO;;OK;104.9;'';P2;AUDIO_CONEXAO;;;;213001119110;ULTRA;;;3;;BL 500M SINGLE OU C/ FONE BWF PON FID;170036294
22/06/2023 00:00;0;BANDA LARGA FIXA;VIRTUA 500 MB;CLRZ;202306;t;314,7;0;FT_COMISSIONAMENTO;;OK;104.9;'';P2;AUDIO_CONEXAO;;;;213001117746;ULTRA;;;3;;BL 500M SINGLE OU C/ FONE BWF PON FID;170036294
22/06/2023 00:00;0;BANDA LARGA FIXA;VIRTUA 500 MB;CLRZ;202306;f;0;117;FT_COMISSIONAMENTO;;CANCELAMENTO OCORREU EM ATE 30 DIAS;0;'';P2;AUDIO_CONEXAO;;;;213001118904;ULTRA;;;3;;BL 500M SINGLE OU C/ FONE BWF PON FID;
22/06/2023 00:00;0;BANDA LARGA FIXA;VIRTUA 500 MB;CLRZ;202306;t;314,7;0;FT_COMISSIONAMENTO;;OK;104.9;'';P2;AUDIO_CONEXAO;;;;213001119102;ULTRA;;;3;;BL 500M SINGLE OU C/ FONE BWF PON FID;170036294
26/06/2023 00:00;0;TV;CLARO TV MAIS BOX;CLRZ;202306;f;0;95;FT_COMISSIONAMENTO;;SEM DOCUMENTACAO;104.9;'';P2;;;;;996375171382;ULTRA;;;2,8;;CLARO STREAMING HD TVMAIS TOP VOZ;
22/06/2023 00:00;0;COMISSOES ADICIONAIS;BONUS META PAP INDIRETO;CLRZ;202306;t;20,98;0;BONUS META PAP INDIRETO;;OK;104.9;'';P2;AUDIO_CONEXAO;;;;593001002644;ULTRA;;;0,2;;CLARO TV MAIS BOX;170036294
22/06/2023 00:00;0;COMISSOES ADICIONAIS;BONUS META PAP INDIRETO;CLRZ;202306;t;31,47;0;BONUS META PAP INDIRETO;;OK;104.9;'';P2;AUDIO_CONEXAO;;;;531010601172;ULTRA;;;0,3;;VIRTUA 500 MB;170036294
22/06/2023 00:00;0;COMISSOES ADICIONAIS;BONUS META PAP INDIRETO;CLRZ;202306;t;25,47;0;BONUS META PAP INDIRETO;;OK;84.9;'';P2;AUDIO_CONEXAO;;;;379001244794;ULTRA;;;0,3;;VIRTUA 125 MB;170036294
22/06/2023 00:00;0;COMISSOES ADICIONAIS;BONUS META PAP INDIRETO;CLRZ;202306;t;31,47;0;BONUS META PAP INDIRETO;;OK;104.9;'';P2;AUDIO_CONEXAO;;;;86366791800;ULTRA;;;0,3;;VIRTUA 250 MB;170036294
22/06/2023 00:00;0;COMISSOES ADICIONAIS;BONUS META PAP INDIRETO;CLRZ;202306;t;31,47;0;BONUS META PAP INDIRETO;;OK;104.89;'';P2;AUDIO_CONEXAO;;;;86366791827;ULTRA;;;0,3;;VIRTUA 250 MB;170036294
17/06/2023 00:00;0;COMISSOES ADICIONAIS;BONUS META PAP INDIRETO;CLRZ;202306;t;31,47;0;BONUS META PAP INDIRETO;;OK;104.9;'';P2;AUDIO_CONEXAO;;;;89341546576;ULTRA;;;0,3;;VIRTUA 500 MB;170036294
28/06/2023 00:00;0;COMISSOES ADICIONAIS;BONUS META PAP INDIRETO;CLRZ;202306;t;34,47;0;BONUS META PAP INDIRETO;;OK;114.9;'';P2;AUDIO_CONEXAO;;;;204001002257;ULTRA;;;0,3;;VIRTUA 500 MB;170036294
19/06/2023 00:00;0;COMISSOES ADICIONAIS;BONUS META PAP INDIRETO;CLRZ;202306;t;28,47;0;BONUS META PAP INDIRETO;;OK;94.9;'';P2;AUDIO_CONEXAO;;;;89341545910;ULTRA;;;0,3;;VIRTUA 150 MB;170036294
28/06/2023 00:00;0;COMISSOES ADICIONAIS;BONUS META PAP INDIRETO;CLRZ;202306;t;31,47;0;BONUS META PAP INDIRETO;;OK;104.9;'';P2;AUDIO_CONEXAO;;;;89341548269;ULTRA;;;0,3;;VIRTUA 500 MB;170036294
27/06/2023 00:00;0;BANDA LARGA FIXA;VIRTUA 500 MB;CLRZ;202306;t;314,7;0;FT_COMISSIONAMENTO;;OK;104.9;'';P2;AUDIO_CONEXAO;;;;724001012760;ULTRA;;;3;;BL 500M SINGLE OU C/ FONE BWF PON FID;170036294
27/06/2023 00:00;0;BANDA LARGA FIXA;VIRTUA 250 MB;CLRZ;202306;t;304,21;0;FT_COMISSIONAMENTO;;OK;104.9;'';P2;AUDIO_CONEXAO;;;;363002659277;ULTRA;;;2,9;;BL 250M SINGLE OU C/ FONE FID;170036294
27/06/2023 00:00;0;BANDA LARGA FIXA;VIRTUA 500 MB;CLRZ;202306;t;314,7;0;FT_COMISSIONAMENTO;;OK;104.9;'';P2;AUDIO_CONEXAO;;;;89341548102;ULTRA;;;3;;BL 500M SINGLE OU C/ FONE FID;170036294
21/06/2023 00:00;0;COMISSOES ADICIONAIS;BONUS META PAP INDIRETO;CLRZ;202306;t;31,47;0;BONUS META PAP INDIRETO;;OK;104.9;'';P2;AUDIO_CONEXAO;;;;996375174683;ULTRA;;;0,3;;VIRTUA 250 MB;170036294
21/06/2023 00:00;0;COMISSOES ADICIONAIS;BONUS META PAP INDIRETO;CLRZ;202306;t;37,47;0;BONUS META PAP INDIRETO;;OK;124.9;'';P2;AUDIO_CONEXAO;;;;379001244760;ULTRA;;;0,3;;VIRTUA 500 MB;170036294
21/06/2023 00:00;0;COMISSOES ADICIONAIS;BONUS META PAP INDIRETO;CLRZ;202306;t;31,47;0;BONUS META PAP INDIRETO;;OK;104.9;'';P2;AUDIO_CONEXAO;;;;752002024383;ULTRA;;;0,3;;VIRTUA 500 MB;170036294
27/06/2023 00:00;0;COMISSOES ADICIONAIS;BONUS META PAP INDIRETO;CLRZ;202306;t;31,47;0;BONUS META PAP INDIRETO;;OK;104.9;'';P2;AUDIO_CONEXAO;;;;89341548102;ULTRA;;;0,3;;VIRTUA 500 MB;170036294
27/06/2023 00:00;0;BANDA LARGA FIXA;VIRTUA 250 MB;CLRZ;202306;t;304,21;0;FT_COMISSIONAMENTO;;OK;104.9;'';P2;AUDIO_CONEXAO;;;;88624684189;ULTRA;;;2,9;;BL 250M SINGLE OU C/ FONE BWF PON FID;170036294
27/06/2023 00:00;0;BANDA LARGA FIXA;VIRTUA 125 MB;CLRZ;202306;t;246,21;0;FT_COMISSIONAMENTO;;OK;84.9;'';P2;AUDIO_CONEXAO;;;;88624684936;ULTRA;;;2,9;;BL 125M COMBINADO FID;170036294
27/06/2023 00:00;0;BANDA LARGA FIXA;VIRTUA 250 MB;CLRZ;202306;t;304,18;0;FT_COMISSIONAMENTO;;OK;104.89;'';P2;AUDIO_CONEXAO;;;;88624686416;ULTRA;;;2,9;;BL 250M SINGLE/FONE AQS BS BWF PON FID;170036294
20/06/2023 00:00;0;BANDA LARGA FIXA;VIRTUA 125 MB;CLRZ;202306;t;246,18;0;FT_COMISSIONAMENTO;;OK;84.89;'';P2;AUDIO_CONEXAO;;;;996375173458;ULTRA;;;2,9;;BL 125M AQS BS FID;170036294
20/06/2023 00:00;0;BANDA LARGA FIXA;VIRTUA 125 MB;CLRZ;202306;t;246,18;0;FT_COMISSIONAMENTO;;OK;84.89;'';P2;AUDIO_CONEXAO;;;;996375173946;ULTRA;;;2,9;;BL 125M AQS BS FID;170036294
22/06/2023 00:00;0;BANDA LARGA FIXA;VIRTUA 500 MB;CLRZ;202306;t;314,7;0;FT_COMISSIONAMENTO;;OK;104.9;'';P2;AUDIO_CONEXAO;;;;89341547114;ULTRA;;;3;;BL 500M SINGLE OU C/ FONE BWF PON FID;170036294
22/06/2023 00:00;0;BANDA LARGA FIXA;VIRTUA 500 MB;CLRZ;202306;t;314,7;0;FT_COMISSIONAMENTO;;OK;104.9;'';P2;AUDIO_CONEXAO;;;;724001012590;ULTRA;;;3;;BL 500M SINGLE OU C/ FONE BWF PON FID;170036294
20/06/2023 00:00;0;COMISSOES ADICIONAIS;BONUS META PAP INDIRETO;CLRZ;202306;t;31,47;0;BONUS META PAP INDIRETO;;OK;104.89;'';P2;AUDIO_CONEXAO;;;;91380414070;ULTRA;;;0,3;;VIRTUA 250 MB;170036294
20/06/2023 00:00;0;COMISSOES ADICIONAIS;BONUS META PAP INDIRETO;CLRZ;202306;t;25,47;0;BONUS META PAP INDIRETO;;OK;84.9;'';P2;AUDIO_CONEXAO;;;;88624681589;ULTRA;;;0,3;;VIRTUA 125 MB;170036294
20/06/2023 00:00;0;COMISSOES ADICIONAIS;BONUS META PAP INDIRETO;CLRZ;202306;t;31,47;0;BONUS META PAP INDIRETO;;OK;104.9;'';P2;AUDIO_CONEXAO;;;;570001044479;ULTRA;;;0,3;;VIRTUA 500 MB;170036294
16/06/2023 00:00;45988392453;COMISSOES ADICIONAIS;BONUS META PAP INDIRETO;CLRZ;202306;t;10,98;0;BONUS META PAP INDIRETO;;OK;54.9;'';P2;AUDIO_CONEXAO;;;;506001001451;ULTRA;;;0,2;;MIGRA PRE PARA POS - PLANO CONTROLE MAIS 13GB COMBO - CF - CM;114042187
27/06/2023 00:00;0;COMISSOES ADICIONAIS;BONUS META PAP INDIRETO;CLRZ;202306;t;31,47;0;BONUS META PAP INDIRETO;;OK;104.9;'';P2;AUDIO_CONEXAO;;;;724001012760;ULTRA;;;0,3;;VIRTUA 500 MB;170036294
27/06/2023 00:00;0;COMISSOES ADICIONAIS;BONUS META PAP INDIRETO;CLRZ;202306;t;20,98;0;BONUS META PAP INDIRETO;;OK;104.9;'';P2;AUDIO_CONEXAO;;;;88624684936;ULTRA;;;0,2;;CLARO TV MAIS BOX;170036294
07/06/2023 00:00;0;ESTORNO;VIRTUA 500 MB;CLRZ;202306;t;-314,7;0;CARROSSEL;;OK;0;'';P2;AUDIO_CONEXAO;;;;213001116804;ULTRA;;;3;;BL 500M SINGLE OU C/ FONE BWF PON FID;170036294
07/06/2023 00:00;0;COMISSOES ADICIONAIS;BONUS META PAP INDIRETO;CLRZ;202306;t;25,47;0;BONUS META PAP INDIRETO;;OK;84.9;'';P2;AUDIO_CONEXAO;;;;996375168861;ULTRA;;;0,3;;VIRTUA 125 MB;170036294
07/06/2023 00:00;0;COMISSOES ADICIONAIS;BONUS META PAP INDIRETO;CLRZ;202306;t;25,47;0;BONUS META PAP INDIRETO;;OK;84.9;'';P2;AUDIO_CONEXAO;;;;996375168870;ULTRA;;;0,3;;VIRTUA 125 MB;170036294
07/06/2023 00:00;0;COMISSOES ADICIONAIS;BONUS META PAP INDIRETO;CLRZ;202306;t;25,47;0;BONUS META PAP INDIRETO;;OK;84.9;'';P2;AUDIO_CONEXAO;;;;996375168942;ULTRA;;;0,3;;VIRTUA 125 MB;170036294
07/06/2023 00:00;0;COMISSOES ADICIONAIS;BONUS META PAP INDIRETO;CLRZ;202306;t;31,47;0;BONUS META PAP INDIRETO;;OK;104.9;'';P2;AUDIO_CONEXAO;;;;996375168977;ULTRA;;;0,3;;VIRTUA 350 MB;170036294
20/06/2023 00:00;0;BANDA LARGA FIXA;VIRTUA 250 MB;CLRZ;202306;t;304,18;0;FT_COMISSIONAMENTO;;OK;104.89;'';P2;AUDIO_CONEXAO;;;;86366789768;ULTRA;;;2,9;;BL 250M SINGLE/FONE AQS BS BWF PON FID;170036294
20/06/2023 00:00;0;BANDA LARGA FIXA;VIRTUA 250 MB;CLRZ;202306;t;304,21;0;FT_COMISSIONAMENTO;;OK;104.9;'';P2;AUDIO_CONEXAO;;;;86366790499;ULTRA;;;2,9;;BL 250M SINGLE OU C/ FONE BWF PON FID;170036294
20/06/2023 00:00;0;BANDA LARGA FIXA;VIRTUA 500 MB;CLRZ;202306;t;314,7;0;FT_COMISSIONAMENTO;;OK;104.9;'';P2;AUDIO_CONEXAO;;;;570001044479;ULTRA;;;3;;BL 500M SINGLE OU C/ FONE BWF PON FID;170036294
22/06/2023 00:00;0;BANDA LARGA FIXA;VIRTUA 500 MB;CLRZ;202306;t;314,7;0;FT_COMISSIONAMENTO;;OK;104.9;'';P2;AUDIO_CONEXAO;;;;593001002644;ULTRA;;;3;;BL 500M COMBINADO BWF PON FID;170036294
28/06/2023 00:00;0;COMISSOES ADICIONAIS;BONUS META PAP INDIRETO;CLRZ;202306;t;26,98;0;BONUS META PAP INDIRETO;;OK;134.9;'';P2;AUDIO_CONEXAO;;;;884623390662;ULTRA;;;0,2;;CLARO TV MAIS 4K;170036294
24/03/2023 00:00;0;COMISSOES ADICIONAIS;BONUS META PAP INDIRETO;CLRZ;202306;t;20,98;0;BONUS META PAP INDIRETO;;OK;104.9;'';P2;AUDIO_CONEXAO;;;;21187435614;ULTRA;;;0,2;;CLARO TV MAIS BOX;170036294
02/06/2023 00:00;0;COMISSOES ADICIONAIS;BONUS META PAP INDIRETO;CLRZ;202306;t;25,47;0;BONUS META PAP INDIRETO;;OK;84.89;'';P2;AUDIO_CONEXAO;;;;996375167024;ULTRA;;;0,3;;VIRTUA 125 MB;170036294
17/03/2023 00:00;0;ESTORNO;BONUS TV;CLRZ;202306;t;-52,45;0;FRAUDE;;OK;0;'';P2;;;;;724001011136;ULTRA;;;0,5;;CLARO TV MAIS BOX;170036294
29/06/2023 00:00;0;COMISSOES ADICIONAIS;BONUS META PAP INDIRETO;CLRZ;202306;t;31,47;0;BONUS META PAP INDIRETO;;OK;104.9;'';P2;AUDIO_CONEXAO;;;;88624688036;ULTRA;;;0,3;;VIRTUA 250 MB;170036294
09/06/2023 00:00;0;COMISSOES ADICIONAIS;BONUS META PAP INDIRETO;CLRZ;202306;t;25,47;0;BONUS META PAP INDIRETO;;OK;84.9;'';P2;AUDIO_CONEXAO;;;;996375168985;ULTRA;;;0,3;;VIRTUA 125 MB;170036294
09/06/2023 00:00;0;COMISSOES ADICIONAIS;BONUS META PAP INDIRETO;CLRZ;202306;t;25,47;0;BONUS META PAP INDIRETO;;OK;84.9;'';P2;AUDIO_CONEXAO;;;;996375169175;ULTRA;;;0,3;;VIRTUA 125 MB;170036294
09/06/2023 00:00;0;COMISSOES ADICIONAIS;BONUS META PAP INDIRETO;CLRZ;202306;t;31,47;0;BONUS META PAP INDIRETO;;OK;104.9;'';P2;AUDIO_CONEXAO;;;;996375169183;ULTRA;;;0,3;;VIRTUA 350 MB;170036294
09/06/2023 00:00;0;COMISSOES ADICIONAIS;BONUS META PAP INDIRETO;CLRZ;202306;t;25,47;0;BONUS META PAP INDIRETO;;OK;84.9;'';P2;AUDIO_CONEXAO;;;;996375169442;ULTRA;;;0,3;;VIRTUA 125 MB;170036294
28/06/2023 00:00;0;BANDA LARGA FIXA;VIRTUA 500 MB;CLRZ;202306;t;314,7;0;FT_COMISSIONAMENTO;;OK;104.9;'';P2;AUDIO_CONEXAO;;;;89341548269;ULTRA;;;3;;BL 500M SINGLE OU C/ FONE FID;170036294
16/06/2023 00:00;0;BANDA LARGA FIXA;VIRTUA 500 MB;CLRZ;202306;f;0;95;FT_COMISSIONAMENTO;;SEM DOCUMENTACAO;114.89;'';P2;;;;;331001001406;ULTRA;;;3;;BL 500M SINGLE/FONE AQS BS BWF PON FID;
21/06/2023 00:00;0;BANDA LARGA FIXA;VIRTUA 125 MB;CLRZ;202306;t;246,18;0;FT_COMISSIONAMENTO;;OK;84.89;'';P2;AUDIO_CONEXAO;;;;996375174500;ULTRA;;;2,9;;BL 125M AQS BS FID;170036294
22/06/2023 00:00;0;BANDA LARGA FIXA;VIRTUA 500 MB;CLRZ;202306;t;304,21;0;FT_COMISSIONAMENTO;;OK;104.9;'';P2;AUDIO_CONEXAO;;;;531010601172;ULTRA;;;2,9;;BL 500M SINGLE OU C/ FONE FID;170036294
24/06/2023 00:00;0;COMISSOES ADICIONAIS;BONUS META PAP INDIRETO;CLRZ;202306;t;43,47;0;BONUS META PAP INDIRETO;;OK;144.89;'';P2;AUDIO_CONEXAO;;;;996375176058;ULTRA;;;0,3;;VIRTUA 500 MB;170036294
24/06/2023 00:00;0;COMISSOES ADICIONAIS;BONUS META PAP INDIRETO;CLRZ;202306;t;31,47;0;BONUS META PAP INDIRETO;;OK;104.9;'';P2;AUDIO_CONEXAO;;;;996375173903;ULTRA;;;0,3;;VIRTUA 250 MB;170036294
24/06/2023 00:00;0;COMISSOES ADICIONAIS;BONUS META PAP INDIRETO;CLRZ;202306;t;34,47;0;BONUS META PAP INDIRETO;;OK;114.9;'';P2;AUDIO_CONEXAO;;;;204001002141;ULTRA;;;0,3;;VIRTUA 500 MB;170036294
23/06/2023 00:00;0;COMISSOES ADICIONAIS;BONUS META PAP INDIRETO;CLRZ;202306;t;20,98;0;BONUS META PAP INDIRETO;;OK;104.9;'';P2;AUDIO_CONEXAO;;;;213001119390;ULTRA;;;0,2;;CLARO TV MAIS BOX;170036294
24/06/2023 00:00;0;COMISSOES ADICIONAIS;BONUS META PAP INDIRETO;CLRZ;202306;t;31,47;0;BONUS META PAP INDIRETO;;OK;104.9;'';P2;AUDIO_CONEXAO;;;;86366781317;ULTRA;;;0,3;;VIRTUA 350 MB;170036294
26/06/2023 00:00;0;COMISSOES ADICIONAIS;BONUS META PAP INDIRETO;CLRZ;202306;t;25,47;0;BONUS META PAP INDIRETO;;OK;84.9;'';P2;AUDIO_CONEXAO;;;;86366794753;ULTRA;;;0,3;;VIRTUA 125 MB;170036294
30/06/2023 00:00;0;COMISSOES ADICIONAIS;BONUS META PAP INDIRETO;CLRZ;202306;t;37,5;0;BONUS META PAP INDIRETO;;OK;124.99;'';P2;AUDIO_CONEXAO;;;;927001000183;ULTRA;;;0,3;;VIRTUA 250 MB;170036294
09/06/2023 00:00;0;COMISSOES ADICIONAIS;BONUS META PAP INDIRETO;CLRZ;202306;t;43,47;0;BONUS META PAP INDIRETO;;OK;144.9;'';P2;AUDIO_CONEXAO;;;;884623365056;ULTRA;;;0,3;;VIRTUA 500 MB;170036294
29/06/2023 00:00;0;COMISSOES ADICIONAIS;BONUS META PAP INDIRETO;CLRZ;202306;t;34,47;0;BONUS META PAP INDIRETO;;OK;114.89;'';P2;AUDIO_CONEXAO;;;;331001004065;ULTRA;;;0,3;;VIRTUA 500 MB;170036294
20/06/2023 00:00;0;COMISSOES ADICIONAIS;BONUS META PAP INDIRETO;CLRZ;202306;t;25,47;0;BONUS META PAP INDIRETO;;OK;84.9;'';P2;AUDIO_CONEXAO;;;;449001013820;ULTRA;;;0,3;;VIRTUA 125 MB;170036294
29/06/2023 00:00;0;COMISSOES ADICIONAIS;BONUS META PAP INDIRETO;CLRZ;202306;t;25,47;0;BONUS META PAP INDIRETO;;OK;84.9;'';P2;AUDIO_CONEXAO;;;;851001151126;ULTRA;;;0,3;;VIRTUA 125 MB;170036294
09/06/2023 00:00;0;COMISSOES ADICIONAIS;BONUS META PAP INDIRETO;CLRZ;202306;t;25,47;0;BONUS META PAP INDIRETO;;OK;84.9;'';P2;AUDIO_CONEXAO;;;;996375169795;ULTRA;;;0,3;;VIRTUA 125 MB;170036294
09/06/2023 00:00;0;COMISSOES ADICIONAIS;BONUS META PAP INDIRETO;CLRZ;202306;t;25,47;0;BONUS META PAP INDIRETO;;OK;84.9;'';P2;AUDIO_CONEXAO;;;;996375170025;ULTRA;;;0,3;;VIRTUA 125 MB;170036294
23/06/2023 00:00;0;BANDA LARGA FIXA;VIRTUA 250 MB;CLRZ;202306;t;304,21;0;FT_COMISSIONAMENTO;;OK;104.9;'';P2;AUDIO_CONEXAO;;;;749001447824;ULTRA;;;2,9;;BL 250M SINGLE OU C/ FONE BWF PON FID;170036294
21/06/2023 00:00;0;BANDA LARGA FIXA;VIRTUA 250 MB;CLRZ;202306;t;304,21;0;FT_COMISSIONAMENTO;;OK;104.9;'';P2;AUDIO_CONEXAO;;;;996375172982;ULTRA;;;2,9;;BL 250M SINGLE OU C/ FONE FID;170036294
21/06/2023 00:00;0;BANDA LARGA FIXA;VIRTUA 250 MB;CLRZ;202306;t;304,21;0;FT_COMISSIONAMENTO;;OK;104.9;'';P2;AUDIO_CONEXAO;;;;996375174683;ULTRA;;;2,9;;BL 250M SINGLE OU C/ FONE FID;170036294
21/06/2023 00:00;0;BANDA LARGA FIXA;VIRTUA 500 MB;CLRZ;202306;t;362,21;0;FT_COMISSIONAMENTO;;OK;124.9;'';P2;AUDIO_CONEXAO;;;;379001244760;ULTRA;;;2,9;;BL 500M SINGLE OU C/ FONE BWF PON FID;170036294
20/06/2023 00:00;0;BANDA LARGA FIXA;VIRTUA 250 MB;CLRZ;202306;f;0;117;FT_COMISSIONAMENTO;;CANCELAMENTO OCORREU EM ATE 30 DIAS;0;'';P2;AUDIO_CONEXAO;;;;93301455516;ULTRA;;;3;;BL 250M SINGLE OU C/ FONE FID;
20/06/2023 00:00;0;BANDA LARGA FIXA;VIRTUA 250 MB;CLRZ;202306;t;314,67;0;FT_COMISSIONAMENTO;;OK;104.89;'';P2;AUDIO_CONEXAO;;;;91380414045;ULTRA;;;3;;BL 250M AQS BS FID;170036294
23/06/2023 00:00;0;COMISSOES ADICIONAIS;BONUS META PAP INDIRETO;CLRZ;202306;t;28,47;0;BONUS META PAP INDIRETO;;OK;94.9;'';P2;AUDIO_CONEXAO;;;;749001447913;ULTRA;;;0,3;;VIRTUA 150 MB;170036294
22/06/2023 00:00;0;COMISSOES ADICIONAIS;BONUS META PAP INDIRETO;CLRZ;202306;t;31,47;0;BONUS META PAP INDIRETO;;OK;104.9;'';P2;AUDIO_CONEXAO;;;;86366792416;ULTRA;;;0,3;;VIRTUA 250 MB;170036294
28/06/2023 00:00;0;BANDA LARGA FIXA;VIRTUA 250 MB;CLRZ;202306;t;314,7;0;FT_COMISSIONAMENTO;;OK;104.9;'';P2;AUDIO_CONEXAO;;;;593001003586;ULTRA;;;3;;BL 250M SINGLE OU C/ FONE BWF PON FID;170036294
10/06/2023 00:00;0;FONE FIXO;FALE ILIMITADO BRASIL;CLRZ;202306;t;58;0;FT_COMISSIONAMENTO;;OK;20;'';P2;AUDIO_CONEXAO;;;;213001117371;ULTRA;;;2,9;;EMPRESAS PON BWF;170031487
17/06/2023 00:00;0;BANDA LARGA FIXA;VIRTUA 500 MB;CLRZ;202306;t;314,7;0;FT_COMISSIONAMENTO;;OK;104.9;'';P2;AUDIO_CONEXAO;;;;89341546576;ULTRA;;;3;;BL 500M SINGLE OU C/ FONE FID;170036294
06/06/2023 00:00;0;TV;TV PLUS HD;CLRZ;202306;f;0;18;FT_COMISSIONAMENTO;;VENDA CLARO EMPRESAS PARA PF;105;'';P2;AUDIO_CONEXAO;;;;749001187423;ULTRA;;;2,8;;PLUS HD EMP PME 3P/4P FID;
30/06/2023 00:00;0;BANDA LARGA FIXA;VIRTUA 350 MB;CLRZ;202306;t;304,21;0;FT_COMISSIONAMENTO;;OK;104.9;'';P2;AUDIO_CONEXAO;;;;88624688940;ULTRA;;;2,9;;BL 350M COMBINADO BWF PON FID;170036294
10/06/2023 00:00;0;COMISSOES ADICIONAIS;BONUS META PAP INDIRETO;CLRZ;202306;t;31,47;0;BONUS META PAP INDIRETO;;OK;104.9;'';P2;AUDIO_CONEXAO;;;;203001340423;ULTRA;;;0,3;;VIRTUA 250 MB;170036294
13/06/2023 00:00;0;COMISSOES ADICIONAIS;BONUS META PAP INDIRETO;CLRZ;202306;t;31,47;0;BONUS META PAP INDIRETO;;OK;104.9;'';P2;AUDIO_CONEXAO;;;;88624674426;ULTRA;;;0,3;;VIRTUA 250 MB;170036294
06/06/2023 00:00;0;COMISSOES ADICIONAIS;BONUS META PAP INDIRETO;CLRZ;202306;t;34,5;0;BONUS META PAP INDIRETO;;OK;115;'';P2;AUDIO_CONEXAO;;;;68001156008;ULTRA;;;0,3;;VIRTUA 600 MB;170036294
27/06/2023 00:00;0;TV;CLARO TV MAIS BOX;CLRZ;202306;t;293,72;0;FT_COMISSIONAMENTO;;OK;104.9;'';P2;AUDIO_CONEXAO;;;;88624684936;ULTRA;;;2,8;;CLARO STREAMING HD TVMAIS TOP VOZ STX;170036294
16/06/2023 00:00;45988392453;MIGRACAO PRE-POS;MIGRA PRE PARA POS - PLANO CONTROLE MAIS 13GB COMBO - CF - CM;CLRZ;202306;t;153,72;0;MOBILE;;OK;54.9;'89550534970221328146';P2;AUDIO_CONEXAO;;;;506001001451;ULTRA;;;2,8;;PLANO CONTROLE MAIS 13GB COMBO;114042187
19/06/2023 00:00;0;FONE FIXO;FALE ILIMITADO BRASIL;CLRZ;202306;t;116;0;FT_COMISSIONAMENTO;;OK;40;'';P2;AUDIO_CONEXAO;;;;89341545910;ULTRA;;;2,9;;ILIM BRASIL TOTAL EMP PME 1L;170031487
02/06/2023 00:00;0;COMISSOES ADICIONAIS;BONUS META PAP INDIRETO;CLRZ;202306;t;20,98;0;BONUS META PAP INDIRETO;;OK;104.9;'';P2;AUDIO_CONEXAO;;;;68001155656;ULTRA;;;0,2;;CLARO TV MAIS BOX;170036294
01/06/2023 00:00;0;COMISSOES ADICIONAIS;BONUS META PAP INDIRETO;CLRZ;202306;t;31,47;0;BONUS META PAP INDIRETO;;OK;104.9;'';P2;AUDIO_CONEXAO;;;;163001055042;ULTRA;;;0,3;;VIRTUA 250 MB;170036294
12/06/2023 00:00;0;COMISSOES ADICIONAIS;BONUS META PAP INDIRETO;CLRZ;202306;t;37,47;0;BONUS META PAP INDIRETO;;OK;124.9;'';P2;AUDIO_CONEXAO;;;;68001156520;ULTRA;;;0,3;;VIRTUA 250 MB;170036294
02/06/2023 00:00;0;COMISSOES ADICIONAIS;BONUS META PAP INDIRETO;CLRZ;202306;t;31,47;0;BONUS META PAP INDIRETO;;OK;104.89;'';P2;AUDIO_CONEXAO;;;;89341543887;ULTRA;;;0,3;;VIRTUA 500 MB;170036294
02/06/2023 00:00;0;COMISSOES ADICIONAIS;BONUS META PAP INDIRETO;CLRZ;202306;t;31,47;0;BONUS META PAP INDIRETO;;OK;104.9;'';P2;AUDIO_CONEXAO;;;;89341543895;ULTRA;;;0,3;;VIRTUA 500 MB;170036294
14/06/2023 00:00;0;COMISSOES ADICIONAIS;BONUS META PAP INDIRETO;CLRZ;202306;t;31,47;0;BONUS META PAP INDIRETO;;OK;104.89;'';P2;AUDIO_CONEXAO;;;;531010600834;ULTRA;;;0,3;;VIRTUA 500 MB;170036294
23/06/2023 00:00;0;BANDA LARGA FIXA;VIRTUA 500 MB;CLRZ;202306;t;314,7;0;FT_COMISSIONAMENTO;;OK;104.9;'';P2;AUDIO_CONEXAO;;;;213001119390;ULTRA;;;3;;BL 500M COMBINADO BWF PON FID;170036294
23/06/2023 00:00;0;BANDA LARGA FIXA;VIRTUA 500 MB;CLRZ;202306;t;314,7;0;FT_COMISSIONAMENTO;;OK;104.9;'';P2;AUDIO_CONEXAO;;;;213001119595;ULTRA;;;3;;BL 500M SINGLE OU C/ FONE BWF PON FID;170036294
24/03/2023 00:00;0;TV;CLARO TV MAIS BOX;CLRZ;202306;t;88;0;PAGAR_2;;OK;104.9;'';P2;AUDIO_CONEXAO;;;;21187435614;ULTRA;;;2,8;;CLARO STREAMING HD TVMAIS TOP VOZ STX;170036294
17/06/2023 00:00;0;BANDA LARGA FIXA;VIRTUA 500 MB;CLRZ;202306;t;344,7;0;FT_COMISSIONAMENTO;;OK;114.9;'';P2;AUDIO_CONEXAO;;;;506001001389;ULTRA;;;3;;BL 500M SINGLE OU C/ FONE BWF PON FID;170036294
17/06/2023 00:00;0;FONE FIXO;FALE ILIMITADO BRASIL TOTAL;CLRZ;202306;t;87;0;FT_COMISSIONAMENTO;;OK;30;'';P2;AUDIO_CONEXAO;;;;68001156890;ULTRA;;;2,9;;FONE ILIM BR TOT 30.00;170031487
17/06/2023 00:00;0;BANDA LARGA FIXA;VIRTUA 500 MB;CLRZ;202306;t;314,7;0;FT_COMISSIONAMENTO;;OK;104.9;'';P2;AUDIO_CONEXAO;;;;213001118300;ULTRA;;;3;;BL 500M SINGLE OU C/ FONE BWF PON FID;170036294
17/06/2023 00:00;0;BANDA LARGA FIXA;VIRTUA 500 MB;CLRZ;202306;t;314,7;0;FT_COMISSIONAMENTO;;OK;104.9;'';P2;AUDIO_CONEXAO;;;;213001118521;ULTRA;;;3;;BL 500M SINGLE OU C/ FONE BWF PON FID;170036294
17/06/2023 00:00;0;BANDA LARGA FIXA;VIRTUA 500 MB;CLRZ;202306;t;314,7;0;FT_COMISSIONAMENTO;;OK;104.9;'';P2;AUDIO_CONEXAO;;;;213001118378;ULTRA;;;3;;BL 500M SINGLE OU C/ FONE BWF PON FID;170036294
17/06/2023 00:00;0;TV;CLARO TV MAIS BOX;CLRZ;202306;t;304,21;0;FT_COMISSIONAMENTO;;OK;104.9;'';P2;AUDIO_CONEXAO;;;;68001156890;ULTRA;;;2,9;;CLARO STREAMING HD TVMAIS TOP VOZ STX;170036294
17/06/2023 00:00;0;BANDA LARGA FIXA;VIRTUA 250 MB;CLRZ;202306;t;304,21;0;FT_COMISSIONAMENTO;;OK;104.9;'';P2;AUDIO_CONEXAO;;;;749001447026;ULTRA;;;2,9;;BL 250M SINGLE OU C/ FONE BWF PON FID;170036294
17/06/2023 00:00;0;BANDA LARGA FIXA;VIRTUA 250 MB;CLRZ;202306;t;304,21;0;FT_COMISSIONAMENTO;;OK;104.9;'';P2;AUDIO_CONEXAO;;;;749001446224;ULTRA;;;2,9;;BL 250M SINGLE OU C/ FONE BWF PON FID;170036294
13/06/2023 00:00;0;COMISSOES ADICIONAIS;BONUS META PAP INDIRETO;CLRZ;202306;t;34,5;0;BONUS META PAP INDIRETO;;OK;115;'';P2;AUDIO_CONEXAO;;;;89342039490;ULTRA;;;0,3;;VIRTUA 600 MB;170036294
03/06/2023 00:00;0;COMISSOES ADICIONAIS;BONUS META PAP INDIRETO;CLRZ;202306;t;31,47;0;BONUS META PAP INDIRETO;;OK;104.9;'';P2;AUDIO_CONEXAO;;;;213001115646;ULTRA;;;0,3;;VIRTUA 500 MB;170036294
03/06/2023 00:00;0;COMISSOES ADICIONAIS;BONUS META PAP INDIRETO;CLRZ;202306;t;31,47;0;BONUS META PAP INDIRETO;;OK;104.9;'';P2;AUDIO_CONEXAO;;;;213001116111;ULTRA;;;0,3;;VIRTUA 500 MB;170036294
06/06/2023 00:00;0;COMISSOES ADICIONAIS;BONUS META PAP INDIRETO;CLRZ;202306;t;31,47;0;BONUS META PAP INDIRETO;;OK;104.9;'';P2;AUDIO_CONEXAO;;;;213001116600;ULTRA;;;0,3;;VIRTUA 500 MB;170036294
07/06/2023 00:00;0;COMISSOES ADICIONAIS;BONUS META PAP INDIRETO;CLRZ;202306;t;31,47;0;BONUS META PAP INDIRETO;;OK;104.9;'';P2;AUDIO_CONEXAO;;;;213001116804;ULTRA;;;0,3;;VIRTUA 500 MB;170036294
08/06/2023 00:00;0;COMISSOES ADICIONAIS;BONUS META PAP INDIRETO;CLRZ;202306;t;31,47;0;BONUS META PAP INDIRETO;;OK;104.9;'';P2;AUDIO_CONEXAO;;;;213001116839;ULTRA;;;0,3;;VIRTUA 500 MB;170036294
24/06/2023 00:00;0;BANDA LARGA FIXA;VIRTUA 250 MB;CLRZ;202306;t;304,21;0;FT_COMISSIONAMENTO;;OK;104.9;'';P2;AUDIO_CONEXAO;;;;203001342868;ULTRA;;;2,9;;BL 250M SINGLE OU C/ FONE BWF PON FID;170036294
17/06/2023 00:00;0;BANDA LARGA FIXA;VIRTUA 250 MB;CLRZ;202306;t;304,21;0;FT_COMISSIONAMENTO;;OK;104.9;'';P2;AUDIO_CONEXAO;;;;996375170521;ULTRA;;;2,9;;BL 250M SINGLE OU C/ FONE FID;170036294
02/06/2023 00:00;0;BANDA LARGA FIXA;VIRTUA 1 GB;CLRZ;202306;f;0;95;FT_COMISSIONAMENTO;;SEM DOCUMENTACAO;304.9;'';P2;;;;;86366632907;ULTRA;;;3;;BL 1 GIGA BWF S/MESH PON FID;
30/06/2023 00:00;0;BANDA LARGA FIXA;VIRTUA 500 MB;CLRZ;202306;f;0;112;FT_COMISSIONAMENTO;;CARROSSEL;0;'';P2;AUDIO_CONEXAO;;;;89341548110;ULTRA;;;3;;BL 500M SINGLE OU C/ FONE FID;
15/06/2023 00:00;0;COMISSOES ADICIONAIS;BONUS META PAP INDIRETO;CLRZ;202306;t;20,98;0;BONUS META PAP INDIRETO;;OK;104.9;'';P2;AUDIO_CONEXAO;;;;331001002194;ULTRA;;;0,2;;CLARO TV MAIS BOX;170036294
02/06/2023 00:00;0;COMISSOES ADICIONAIS;BONUS META PAP INDIRETO;CLRZ;202306;t;20,98;0;BONUS META PAP INDIRETO;;OK;104.9;'';P2;AUDIO_CONEXAO;;;;363002648372;ULTRA;;;0,2;;CLARO TV MAIS BOX;170036294
22/06/2023 00:00;0;TV;CLARO TV MAIS BOX;CLRZ;202306;t;304,21;0;FT_COMISSIONAMENTO;;OK;104.9;'';P2;AUDIO_CONEXAO;;;;593001002644;ULTRA;;;2,9;;CLARO STREAMING HD TVMAIS TOP VOZ STX;170036294
17/06/2023 00:00;0;BANDA LARGA FIXA;VIRTUA 500 MB;CLRZ;202306;t;314,7;0;FT_COMISSIONAMENTO;;OK;104.9;'';P2;AUDIO_CONEXAO;;;;68001156890;ULTRA;;;3;;BL 500M COMBINADO FID;170036294
24/06/2023 00:00;0;TROCA DE PLANO UR;EQUIVALENCIA DE PLANO UR;CLRZ;202306;f;0;95;FT_COMISSIONAMENTO;;SEM DOCUMENTACAO;104.9;'';P2;;;;;91380316302;ULTRA;84,99;20;;;CLARO STREAMING HD TVMAIS TOP VOZ STX;
10/06/2023 00:00;0;COMISSOES ADICIONAIS;BONUS META PAP INDIRETO;CLRZ;202306;t;31,47;0;BONUS META PAP INDIRETO;;OK;104.9;'';P2;AUDIO_CONEXAO;;;;89341545120;ULTRA;;;0,3;;VIRTUA 500 MB;170036294
05/06/2023 00:00;0;COMISSOES ADICIONAIS;BONUS META PAP INDIRETO;CLRZ;202306;t;34,47;0;BONUS META PAP INDIRETO;;OK;114.9;'';P2;AUDIO_CONEXAO;;;;204001001617;ULTRA;;;0,3;;VIRTUA 500 MB;170036294
07/06/2023 00:00;0;COMISSOES ADICIONAIS;BONUS META PAP INDIRETO;CLRZ;202306;t;31,47;0;BONUS META PAP INDIRETO;;OK;104.9;'';P2;AUDIO_CONEXAO;;;;204001001641;ULTRA;;;0,3;;VIRTUA 500 MB;170036294
01/06/2023 00:00;0;COMISSOES ADICIONAIS;BONUS META PAP INDIRETO;CLRZ;202306;t;20,98;0;BONUS META PAP INDIRETO;;OK;104.9;'';P2;AUDIO_CONEXAO;;;;88624668388;ULTRA;;;0,2;;CLARO TV MAIS BOX;170036294
19/06/2023 00:00;0;TV;CLARO TV MAIS BOX;CLRZ;202306;t;304,21;0;FT_COMISSIONAMENTO;;OK;104.9;'';P2;AUDIO_CONEXAO;;;;213001118661;ULTRA;;;2,9;;CLARO STREAMING HD TVMAIS TOP VOZ STX;170036294
19/06/2023 00:00;0;BANDA LARGA FIXA;VIRTUA 500 MB;CLRZ;202306;t;344,7;0;FT_COMISSIONAMENTO;;OK;114.9;'';P2;AUDIO_CONEXAO;;;;331001002399;ULTRA;;;3;;BL 500M SINGLE OU C/ FONE BWF PON FID;170036294
19/06/2023 00:00;0;BANDA LARGA FIXA;VIRTUA 500 MB;CLRZ;202306;t;314,7;0;FT_COMISSIONAMENTO;;OK;104.9;'';P2;AUDIO_CONEXAO;;;;213001118661;ULTRA;;;3;;BL 500M COMBINADO BWF PON FID;170036294
30/06/2023 00:00;0;BANDA LARGA FIXA;VIRTUA 250 MB;CLRZ;202306;t;374,97;0;FT_COMISSIONAMENTO;;OK;124.99;'';P2;AUDIO_CONEXAO;;;;927001000183;ULTRA;;;3;;BL 250M SINGLE OU C/ FONE BWF PON FID;170036294
30/06/2023 00:00;0;BANDA LARGA FIXA;VIRTUA 250 MB;CLRZ;202306;t;374,97;0;FT_COMISSIONAMENTO;;OK;124.99;'';P2;AUDIO_CONEXAO;;;;927001000191;ULTRA;;;3;;BL 250M SINGLE OU C/ FONE BWF PON FID;170036294
01/06/2023 00:00;0;COMISSOES ADICIONAIS;BONUS META PAP INDIRETO;CLRZ;202306;t;43,47;0;BONUS META PAP INDIRETO;;OK;144.9;'';P2;AUDIO_CONEXAO;;;;86366755340;ULTRA;;;0,3;;VIRTUA 500 MB;170036294
03/06/2023 00:00;0;COMISSOES ADICIONAIS;BONUS META PAP INDIRETO;CLRZ;202306;t;31,47;0;BONUS META PAP INDIRETO;;OK;104.9;'';P2;AUDIO_CONEXAO;;;;113001016040;ULTRA;;;0,3;;VIRTUA 500 MB;170036294
03/06/2023 00:00;0;COMISSOES ADICIONAIS;BONUS META PAP INDIRETO;CLRZ;202306;t;31,47;0;BONUS META PAP INDIRETO;;OK;104.9;'';P2;AUDIO_CONEXAO;;;;794102857689;ULTRA;;;0,3;;VIRTUA 500 MB;170036294
02/06/2023 00:00;0;COMISSOES ADICIONAIS;BONUS META PAP INDIRETO;CLRZ;202306;t;25,47;0;BONUS META PAP INDIRETO;;OK;84.9;'';P2;AUDIO_CONEXAO;;;;363002648372;ULTRA;;;0,3;;VIRTUA 125 MB;170036294
09/06/2023 00:00;0;COMISSOES ADICIONAIS;BONUS META PAP INDIRETO;CLRZ;202306;t;34,47;0;BONUS META PAP INDIRETO;;OK;114.9;'';P2;AUDIO_CONEXAO;;;;593001001494;ULTRA;;;0,3;;VIRTUA 500 MB;170036294
06/06/2023 00:00;0;FONE FIXO;FALE ILIMITADO BRASIL;CLRZ;202306;t;116;0;FT_COMISSIONAMENTO;;OK;40;'';P2;AUDIO_CONEXAO;;;;68001156008;ULTRA;;;2,9;;ILIM BRASIL TOTAL EMP PME 1L;170031487
02/06/2023 00:00;0;BANDA LARGA FIXA;VIRTUA 600 MB;CLRZ;202306;f;0;95;FT_COMISSIONAMENTO;;SEM DOCUMENTACAO;125;'';P2;;;;;593001000714;ULTRA;;;3;;BL 600M EMP PME CNPJ PON FID;
02/06/2023 00:00;0;BANDA LARGA FIXA;VIRTUA 600 MB;CLRZ;202306;f;0;95;FT_COMISSIONAMENTO;;SEM DOCUMENTACAO;125;'';P2;;;;;204001001498;ULTRA;;;3;;BL 600M EMP PME CNPJ PON FID;
22/06/2023 00:00;0;BANDA LARGA FIXA;VIRTUA 250 MB;CLRZ;202306;t;304,21;0;FT_COMISSIONAMENTO;;OK;104.9;'';P2;AUDIO_CONEXAO;;;;86366791800;ULTRA;;;2,9;;BL 250M SINGLE OU C/ FONE BWF PON FID;170036294
22/06/2023 00:00;0;BANDA LARGA FIXA;VIRTUA 250 MB;CLRZ;202306;t;304,18;0;FT_COMISSIONAMENTO;;OK;104.89;'';P2;AUDIO_CONEXAO;;;;86366791827;ULTRA;;;2,9;;BL 250M AQS BS FID;170036294
20/06/2023 00:00;0;FONE FIXO;FALE ILIMITADO BRASIL TOTAL;CLRZ;202306;t;84;0;FT_COMISSIONAMENTO;;OK;30;'';P2;AUDIO_CONEXAO;;;;752001964943;ULTRA;;;2,8;;FONE ILIM BR TOT 30.00;170031487
02/06/2023 00:00;0;COMISSOES ADICIONAIS;BONUS META PAP INDIRETO;CLRZ;202306;t;25,47;0;BONUS META PAP INDIRETO;;OK;84.9;'';P2;AUDIO_CONEXAO;;;;91380410627;ULTRA;;;0,3;;VIRTUA 125 MB;170036294
05/06/2023 00:00;0;COMISSOES ADICIONAIS;BONUS META PAP INDIRETO;CLRZ;202306;t;25,47;0;BONUS META PAP INDIRETO;;OK;84.9;'';P2;AUDIO_CONEXAO;;;;91380410821;ULTRA;;;0,3;;VIRTUA 125 MB;170036294
06/06/2023 00:00;0;COMISSOES ADICIONAIS;BONUS META PAP INDIRETO;CLRZ;202306;t;31,47;0;BONUS META PAP INDIRETO;;OK;104.9;'';P2;AUDIO_CONEXAO;;;;91380411380;ULTRA;;;0,3;;VIRTUA 250 MB;170036294
06/06/2023 00:00;0;COMISSOES ADICIONAIS;BONUS META PAP INDIRETO;CLRZ;202306;t;31,47;0;BONUS META PAP INDIRETO;;OK;104.89;'';P2;AUDIO_CONEXAO;;;;91380411402;ULTRA;;;0,3;;VIRTUA 250 MB;170036294
07/06/2023 00:00;0;COMISSOES ADICIONAIS;BONUS META PAP INDIRETO;CLRZ;202306;t;31,47;0;BONUS META PAP INDIRETO;;OK;104.9;'';P2;AUDIO_CONEXAO;;;;91380411615;ULTRA;;;0,3;;VIRTUA 250 MB;170036294
09/06/2023 00:00;0;COMISSOES ADICIONAIS;BONUS META PAP INDIRETO;CLRZ;202306;t;37,47;0;BONUS META PAP INDIRETO;;OK;124.9;'';P2;AUDIO_CONEXAO;;;;91380411879;ULTRA;;;0,3;;VIRTUA 500 MB;170036294
02/06/2023 00:00;0;COMISSOES ADICIONAIS;BONUS META PAP INDIRETO;CLRZ;202306;t;25,47;0;BONUS META PAP INDIRETO;;OK;84.9;'';P2;AUDIO_CONEXAO;;;;86366778308;ULTRA;;;0,3;;VIRTUA 125 MB;170036294
10/06/2023 00:00;0;COMISSOES ADICIONAIS;BONUS META PAP INDIRETO;CLRZ;202306;t;31,47;0;BONUS META PAP INDIRETO;;OK;104.9;'';P2;AUDIO_CONEXAO;;;;213001117002;ULTRA;;;0,3;;VIRTUA 500 MB;170036294
02/06/2023 00:00;0;COMISSOES ADICIONAIS;BONUS META PAP INDIRETO;CLRZ;202306;t;31,47;0;BONUS META PAP INDIRETO;;OK;104.89;'';P2;AUDIO_CONEXAO;;;;89341544069;ULTRA;;;0,3;;VIRTUA 500 MB;170036294
07/06/2023 00:00;0;BANDA LARGA FIXA;VIRTUA 500 MB;CLRZ;202306;f;0;95;FT_COMISSIONAMENTO;;SEM DOCUMENTACAO;104.9;'';P2;;;;;331001001147;ULTRA;;;3;;BL 500M COMBINADO BWF PON FID;
21/06/2023 00:00;0;BANDA LARGA FIXA;VIRTUA 500 MB;CLRZ;202306;t;314,7;0;FT_COMISSIONAMENTO;;OK;104.9;'';P2;AUDIO_CONEXAO;;;;89341547033;ULTRA;;;3;;BL 500M SINGLE OU C/ FONE FID;170036294
21/06/2023 00:00;0;BANDA LARGA FIXA;VIRTUA 500 MB;CLRZ;202306;t;314,7;0;FT_COMISSIONAMENTO;;OK;104.9;'';P2;AUDIO_CONEXAO;;;;89341547025;ULTRA;;;3;;BL 500M SINGLE OU C/ FONE FID;170036294
02/06/2023 00:00;0;TROCA DE PLANO UR;EQUIVALENCIA DE PLANO UR;CLRZ;202306;f;0;30;FT_COMISSIONAMENTO;;ATIVACAO REALIZADA DENTRO DE 45 DIAS;0;'';P2;;;;;593001000684;ULTRA;114,9;0;;;BL 500M COMBINADO BWF PON FID;
12/06/2023 00:00;0;COMISSOES ADICIONAIS;BONUS META PAP INDIRETO;CLRZ;202306;t;34,5;0;BONUS META PAP INDIRETO;;OK;115;'';P2;AUDIO_CONEXAO;;;;749001445961;ULTRA;;;0,3;;VIRTUA 600 MB;170036294
03/06/2023 00:00;0;TV;CLARO TV MAIS BOX;CLRZ;202306;f;0;95;FT_COMISSIONAMENTO;;SEM DOCUMENTACAO;84.9;'';P2;;;;;593001000684;ULTRA;;;2,8;;CLARO STREAMING HD TVMAIS TOP RENT VOZ;
17/06/2023 00:00;0;BANDA LARGA FIXA;VIRTUA 500 MB;CLRZ;202306;f;0;112;FT_COMISSIONAMENTO;;CARROSSEL;0;'';P2;AUDIO_CONEXAO;;;;89341546452;ULTRA;;;3;;BL 500M SINGLE OU C/ FONE FID;
10/06/2023 00:00;0;TV;CLARO BOX TV;CLRZ;202306;f;0;75;FT_COMISSIONAMENTO;;PONTO ADICIONAL NAO COMISSIONADO;0;'';P2;;;;;449001011020;ULTRA;;;2,8;;CLARO STREAMING HD VOZ STX;
04/06/2023 00:00;0;BANDA LARGA FIXA;VIRTUA 500 MB;CLRZ;202306;f;0;95;FT_COMISSIONAMENTO;;SEM DOCUMENTACAO;104.9;'';P2;;;;;331001000540;ULTRA;;;3;;BL 500M COMBINADO BWF PON FID;
04/06/2023 00:00;0;TV;CLARO TV MAIS BOX;CLRZ;202306;f;0;95;FT_COMISSIONAMENTO;;SEM DOCUMENTACAO;104.9;'';P2;;;;;331001000540;ULTRA;;;2,8;;CLARO STREAMING HD TVMAIS TOP VOZ;
24/02/2023 00:00;0;TV;CLARO TV MAIS BOX;CLRZ;202306;t;122;0;PAGAR_3;;OK;104.9;'';P2;AUDIO_CONEXAO;;;;21187224788;ULTRA;;;2,9;;CLARO STREAMING HD TVMAIS TOP VOZ STX;170036294
30/06/2023 00:00;0;BANDA LARGA FIXA;VIRTUA 125 MB;CLRZ;202306;t;246,18;0;FT_COMISSIONAMENTO;;OK;84.89;'';P2;AUDIO_CONEXAO;;;;996375178328;ULTRA;;;2,9;;BL 125M AQS BS FID;170036294
30/06/2023 00:00;0;BANDA LARGA FIXA;VIRTUA 125 MB;CLRZ;202306;t;246,21;0;FT_COMISSIONAMENTO;;OK;84.9;'';P2;AUDIO_CONEXAO;;;;379001245219;ULTRA;;;2,9;;BL 125M SINGLE OU C/ FONE BWF PON FID;170036294
30/06/2023 00:00;0;BANDA LARGA FIXA;VIRTUA 125 MB;CLRZ;202306;t;254,7;0;FT_COMISSIONAMENTO;;OK;84.9;'';P2;AUDIO_CONEXAO;;;;93301456016;ULTRA;;;3;;BL 125M SINGLE OU C/ FONE FID;170036294
05/06/2023 00:00;0;COMISSOES ADICIONAIS;BONUS META PAP INDIRETO;CLRZ;202306;t;31,47;0;BONUS META PAP INDIRETO;;OK;104.9;'';P2;AUDIO_CONEXAO;;;;278001785735;ULTRA;;;0,3;;VIRTUA 350 MB;170036294
14/06/2023 00:00;0;COMISSOES ADICIONAIS;BONUS META PAP INDIRETO;CLRZ;202306;t;31,47;0;BONUS META PAP INDIRETO;;OK;104.9;'';P2;AUDIO_CONEXAO;;;;749001446631;ULTRA;;;0,3;;VIRTUA 250 MB;170036294
10/06/2023 00:00;0;COMISSOES ADICIONAIS;BONUS META PAP INDIRETO;CLRZ;202306;t;31,47;0;BONUS META PAP INDIRETO;;OK;104.9;'';P2;AUDIO_CONEXAO;;;;570001044029;ULTRA;;;0,3;;VIRTUA 500 MB;170036294
01/06/2023 00:00;0;COMISSOES ADICIONAIS;BONUS META PAP INDIRETO;CLRZ;202306;t;31,47;0;BONUS META PAP INDIRETO;;OK;104.9;'';P2;AUDIO_CONEXAO;;;;570001044037;ULTRA;;;0,3;;VIRTUA 500 MB;170036294
10/06/2023 00:00;0;COMISSOES ADICIONAIS;BONUS META PAP INDIRETO;CLRZ;202306;t;31,47;0;BONUS META PAP INDIRETO;;OK;104.9;'';P2;AUDIO_CONEXAO;;;;570001044207;ULTRA;;;0,3;;VIRTUA 500 MB;170036294
13/06/2023 00:00;0;COMISSOES ADICIONAIS;BONUS META PAP INDIRETO;CLRZ;202306;t;31,47;0;BONUS META PAP INDIRETO;;OK;104.9;'';P2;AUDIO_CONEXAO;;;;88624677409;ULTRA;;;0,3;;VIRTUA 250 MB;170036294
15/06/2023 00:00;0;COMISSOES ADICIONAIS;BONUS META PAP INDIRETO;CLRZ;202306;t;43,47;0;BONUS META PAP INDIRETO;;OK;144.9;'';P2;AUDIO_CONEXAO;;;;88624679096;ULTRA;;;0,3;;VIRTUA 500 MB;170036294
01/06/2023 00:00;0;COMISSOES ADICIONAIS;BONUS META PAP INDIRETO;CLRZ;202306;t;31,47;0;BONUS META PAP INDIRETO;;OK;104.9;'';P2;AUDIO_CONEXAO;;;;593001000781;ULTRA;;;0,3;;VIRTUA 250 MB;170036294
07/06/2023 00:00;0;COMISSOES ADICIONAIS;BONUS META PAP INDIRETO;CLRZ;202306;t;20,98;0;BONUS META PAP INDIRETO;;OK;104.9;'';P2;AUDIO_CONEXAO;;;;996375168977;ULTRA;;;0,2;;CLARO TV MAIS BOX;170036294
09/06/2023 00:00;0;COMISSOES ADICIONAIS;BONUS META PAP INDIRETO;CLRZ;202306;t;20,98;0;BONUS META PAP INDIRETO;;OK;104.9;'';P2;AUDIO_CONEXAO;;;;996375169175;ULTRA;;;0,2;;CLARO TV MAIS BOX;170036294
09/06/2023 00:00;0;COMISSOES ADICIONAIS;BONUS META PAP INDIRETO;CLRZ;202306;t;20,98;0;BONUS META PAP INDIRETO;;OK;104.9;'';P2;AUDIO_CONEXAO;;;;996375169442;ULTRA;;;0,2;;CLARO TV MAIS BOX;170036294
14/06/2023 00:00;0;COMISSOES ADICIONAIS;BONUS META PAP INDIRETO;CLRZ;202306;t;20,98;0;BONUS META PAP INDIRETO;;OK;104.9;'';P2;AUDIO_CONEXAO;;;;996375171730;ULTRA;;;0,2;;CLARO TV MAIS BOX COM PO;170036294
02/06/2023 00:00;0;COMISSOES ADICIONAIS;BONUS META PAP INDIRETO;CLRZ;202306;t;20,98;0;BONUS META PAP INDIRETO;;OK;104.9;'';P2;AUDIO_CONEXAO;;;;89341543127;ULTRA;;;0,2;;CLARO TV MAIS BOX;170036294
30/06/2023 00:00;0;BANDA LARGA FIXA;VIRTUA 600 MB;CLRZ;202306;t;391,5;0;FT_COMISSIONAMENTO;;OK;135;'';P2;AUDIO_CONEXAO;;;;749001449118;ULTRA;;;2,9;;BL 600M EMP PME 1P CNPJ PON FID;170036294
15/06/2023 00:00;42988365623;COMISSOES ADICIONAIS;BONUS META PAP INDIRETO;CLRZ;202306;t;14,98;0;BONUS META PAP INDIRETO;;OK;74.9;'';P2;AUDIO_CONEXAO;;;;331001002194;ULTRA;;;0,2;;PLANO CLARO POS MAIS 25GB COMBO - CF - CM;114042187
06/06/2023 00:00;47988346016;COMISSOES ADICIONAIS;BONUS META PAP INDIRETO;CLRZ;202306;t;10,98;0;BONUS META PAP INDIRETO;;OK;54.9;'';P2;AUDIO_CONEXAO;;;;86366781317;ULTRA;;;0,2;;MIGRA PRE PARA POS - PLANO CONTROLE MAIS 13GB COMBO - CF - CM;114042187
12/06/2023 00:00;0;FONE FIXO;FALE ILIMITADO BRASIL;CLRZ;202306;t;56;0;FT_COMISSIONAMENTO;;OK;20;'';P2;AUDIO_CONEXAO;;;;749001445961;ULTRA;;;2,8;;EMPRESAS PON BWF;170031487
19/06/2023 00:00;0;BANDA LARGA FIXA;VIRTUA 150 MB;CLRZ;202306;t;284,7;0;FT_COMISSIONAMENTO;;OK;94.9;'';P2;AUDIO_CONEXAO;;;;89341545910;ULTRA;;;3;;BL 150M EMP PME C/CEL OU FONE CNPJ FID;170036294
17/06/2023 00:00;0;BANDA LARGA FIXA;VIRTUA 125 MB;CLRZ;202306;t;246,21;0;FT_COMISSIONAMENTO;;OK;84.9;'';P2;AUDIO_CONEXAO;;;;996375172214;ULTRA;;;2,9;;BL 125M SINGLE OU C/ FONE FID;170036294
17/06/2023 00:00;0;BANDA LARGA FIXA;VIRTUA 250 MB;CLRZ;202306;t;304,18;0;FT_COMISSIONAMENTO;;OK;104.89;'';P2;AUDIO_CONEXAO;;;;379001244379;ULTRA;;;2,9;;BL 250M SINGLE/FONE AQS BS BWF PON FID;170036294
17/06/2023 00:00;0;BANDA LARGA FIXA;VIRTUA 500 MB;CLRZ;202306;t;314,67;0;FT_COMISSIONAMENTO;;OK;104.89;'';P2;AUDIO_CONEXAO;;;;89341545804;ULTRA;;;3;;BL 500M SINGLE/FONE AQS BS BWF PON FID;170036294
02/06/2023 00:00;0;TV;CLARO TV MAIS BOX;CLRZ;202306;f;0;95;FT_COMISSIONAMENTO;;SEM DOCUMENTACAO;104.9;'';P2;;;;;996375166656;ULTRA;;;2,8;;CLARO STREAMING HD TVMAIS TOP VOZ;
12/06/2023 00:00;0;COMISSOES ADICIONAIS;BONUS META PAP INDIRETO;CLRZ;202306;t;31,47;0;BONUS META PAP INDIRETO;;OK;104.89;'';P2;AUDIO_CONEXAO;;;;89341545413;ULTRA;;;0,3;;VIRTUA 500 MB;170036294
06/06/2023 00:00;0;COMISSOES ADICIONAIS;BONUS META PAP INDIRETO;CLRZ;202306;t;21;0;BONUS META PAP INDIRETO;;OK;105;'';P2;AUDIO_CONEXAO;;;;749001187423;ULTRA;;;0,2;;PLUS HD EMP PME 3P/4P FID;170036294
03/06/2023 00:00;0;COMISSOES ADICIONAIS;BONUS META PAP INDIRETO;CLRZ;202306;t;31,47;0;BONUS META PAP INDIRETO;;OK;104.9;'';P2;AUDIO_CONEXAO;;;;88624671150;ULTRA;;;0,3;;VIRTUA 250 MB;170036294
07/06/2023 00:00;0;COMISSOES ADICIONAIS;BONUS META PAP INDIRETO;CLRZ;202306;t;31,47;0;BONUS META PAP INDIRETO;;OK;104.9;'';P2;AUDIO_CONEXAO;;;;724001012485;ULTRA;;;0,3;;VIRTUA 500 MB;170036294
03/06/2023 00:00;0;COMISSOES ADICIONAIS;BONUS META PAP INDIRETO;CLRZ;202306;t;31,47;0;BONUS META PAP INDIRETO;;OK;104.9;'';P2;AUDIO_CONEXAO;;;;89341544115;ULTRA;;;0,3;;VIRTUA 500 MB;170036294
01/06/2023 00:00;0;TV;CLARO TV MAIS BOX;CLRZ;202306;f;0;95;FT_COMISSIONAMENTO;;SEM DOCUMENTACAO;134.9;'';P2;;;;;204001001340;ULTRA;;;2,8;;CLARO STREAMING HD TVMAIS TOP TC VOZ STX;
17/06/2023 00:00;0;BANDA LARGA FIXA;VIRTUA 500 MB;CLRZ;202306;t;314,7;0;FT_COMISSIONAMENTO;;OK;104.9;'';P2;AUDIO_CONEXAO;;;;506001001451;ULTRA;;;3;;BL 500M COMBINADO BWF PON FID;170036294
10/06/2023 00:00;0;COMISSOES ADICIONAIS;BONUS META PAP INDIRETO;CLRZ;202306;t;31,47;0;BONUS META PAP INDIRETO;;OK;104.9;'';P2;AUDIO_CONEXAO;;;;379001243950;ULTRA;;;0,3;;VIRTUA 250 MB;170036294
02/06/2023 00:00;0;COMISSOES ADICIONAIS;BONUS META PAP INDIRETO;CLRZ;202306;t;25,47;0;BONUS META PAP INDIRETO;;OK;84.9;'';P2;AUDIO_CONEXAO;;;;68001155656;ULTRA;;;0,3;;VIRTUA 125 MB;170036294
10/06/2023 00:00;0;COMISSOES ADICIONAIS;BONUS META PAP INDIRETO;CLRZ;202306;t;31,47;0;BONUS META PAP INDIRETO;;OK;104.9;'';P2;AUDIO_CONEXAO;;;;213001117207;ULTRA;;;0,3;;VIRTUA 500 MB;170036294
09/06/2023 00:00;0;COMISSOES ADICIONAIS;BONUS META PAP INDIRETO;CLRZ;202306;t;31,47;0;BONUS META PAP INDIRETO;;OK;104.9;'';P2;AUDIO_CONEXAO;;;;213001117274;ULTRA;;;0,3;;VIRTUA 500 MB;170036294
12/06/2023 00:00;0;COMISSOES ADICIONAIS;BONUS META PAP INDIRETO;CLRZ;202306;t;31,47;0;BONUS META PAP INDIRETO;;OK;104.9;'';P2;AUDIO_CONEXAO;;;;213001117282;ULTRA;;;0,3;;VIRTUA 500 MB;170036294
10/06/2023 00:00;0;COMISSOES ADICIONAIS;BONUS META PAP INDIRETO;CLRZ;202306;t;34,5;0;BONUS META PAP INDIRETO;;OK;115;'';P2;AUDIO_CONEXAO;;;;213001117371;ULTRA;;;0,3;;VIRTUA 600 MB;170036294
13/06/2023 00:00;0;COMISSOES ADICIONAIS;BONUS META PAP INDIRETO;CLRZ;202306;t;31,47;0;BONUS META PAP INDIRETO;;OK;104.9;'';P2;AUDIO_CONEXAO;;;;213001117568;ULTRA;;;0,3;;VIRTUA 500 MB;170036294
15/06/2023 00:00;0;COMISSOES ADICIONAIS;BONUS META PAP INDIRETO;CLRZ;202306;t;31,47;0;BONUS META PAP INDIRETO;;OK;104.9;'';P2;AUDIO_CONEXAO;;;;213001117827;ULTRA;;;0,3;;VIRTUA 500 MB;170036294
29/06/2023 00:00;0;BANDA LARGA FIXA;VIRTUA 500 MB;CLRZ;202306;t;344,67;0;FT_COMISSIONAMENTO;;OK;114.89;'';P2;AUDIO_CONEXAO;;;;331001004065;ULTRA;;;3;;BL 500M SINGLE/FONE AQS BS BWF PON FID;170036294
29/06/2023 00:00;0;BANDA LARGA FIXA;VIRTUA 500 MB;CLRZ;202306;t;524,97;0;FT_COMISSIONAMENTO;;OK;174.99;'';P2;AUDIO_CONEXAO;;;;927001000140;ULTRA;;;3;;BL 500M SINGLE OU C/ FONE BWF PON FID;170036294
22/06/2023 00:00;0;BANDA LARGA FIXA;VIRTUA 250 MB;CLRZ;202306;t;304,21;0;FT_COMISSIONAMENTO;;OK;104.9;'';P2;AUDIO_CONEXAO;;;;749001447700;ULTRA;;;2,9;;BL 250M SINGLE OU C/ FONE BWF PON FID;170036294
14/06/2023 00:00;0;COMISSOES ADICIONAIS;BONUS META PAP INDIRETO;CLRZ;202306;t;34,47;0;BONUS META PAP INDIRETO;;OK;114.9;'';P2;AUDIO_CONEXAO;;;;593001001877;ULTRA;;;0,3;;VIRTUA 500 MB;170036294
09/06/2023 00:00;0;COMISSOES ADICIONAIS;BONUS META PAP INDIRETO;CLRZ;202306;t;31,47;0;BONUS META PAP INDIRETO;;OK;104.9;'';P2;AUDIO_CONEXAO;;;;203001340091;ULTRA;;;0,3;;VIRTUA 350 MB;170036294
10/06/2023 00:00;0;COMISSOES ADICIONAIS;BONUS META PAP INDIRETO;CLRZ;202306;t;31,47;0;BONUS META PAP INDIRETO;;OK;104.89;'';P2;AUDIO_CONEXAO;;;;203001340407;ULTRA;;;0,3;;VIRTUA 250 MB;170036294
01/06/2023 00:00;0;COMISSOES ADICIONAIS;BONUS META PAP INDIRETO;CLRZ;202306;t;31,47;0;BONUS META PAP INDIRETO;;OK;104.9;'';P2;AUDIO_CONEXAO;;;;819001020101;ULTRA;;;0,3;;VIRTUA 500 MB;170036294
10/06/2023 00:00;0;COMISSOES ADICIONAIS;BONUS META PAP INDIRETO;CLRZ;202306;t;31,47;0;BONUS META PAP INDIRETO;;OK;104.9;'';P2;AUDIO_CONEXAO;;;;91380411950;ULTRA;;;0,3;;VIRTUA 250 MB;170036294
15/06/2023 00:00;0;COMISSOES ADICIONAIS;BONUS META PAP INDIRETO;CLRZ;202306;t;31,47;0;BONUS META PAP INDIRETO;;OK;104.9;'';P2;AUDIO_CONEXAO;;;;91380413154;ULTRA;;;0,3;;VIRTUA 250 MB;170036294
02/06/2023 00:00;0;COMISSOES ADICIONAIS;BONUS META PAP INDIRETO;CLRZ;202306;t;25,47;0;BONUS META PAP INDIRETO;;OK;84.9;'';P2;AUDIO_CONEXAO;;;;93301454838;ULTRA;;;0,3;;VIRTUA 125 MB;170036294
02/06/2023 00:00;0;COMISSOES ADICIONAIS;BONUS META PAP INDIRETO;CLRZ;202306;t;20,98;0;BONUS META PAP INDIRETO;;OK;104.9;'';P2;AUDIO_CONEXAO;;;;86366778308;ULTRA;;;0,2;;CLARO TV MAIS BOX;170036294
02/06/2023 00:00;0;BANDA LARGA FIXA;VIRTUA 500 MB;CLRZ;202306;f;0;95;FT_COMISSIONAMENTO;;SEM DOCUMENTACAO;114.9;'';P2;;;;;593001000684;ULTRA;;;3;;BL 500M SINGLE OU C/ FONE BWF PON FID;
02/06/2023 00:00;0;BANDA LARGA FIXA;VIRTUA 500 MB;CLRZ;202306;f;0;95;FT_COMISSIONAMENTO;;SEM DOCUMENTACAO;114.9;'';P2;;;;;593001000641;ULTRA;;;3;;BL 500M SINGLE OU C/ FONE BWF PON FID;
02/06/2023 00:00;0;BANDA LARGA FIXA;VIRTUA 350 MB;CLRZ;202306;f;0;95;FT_COMISSIONAMENTO;;SEM DOCUMENTACAO;104.9;'';P2;;;;;996375166656;ULTRA;;;3;;BL 350M COMBINADO FID;
07/06/2023 00:00;0;COMISSOES ADICIONAIS;BONUS META PAP INDIRETO;CLRZ;202306;t;26,98;0;BONUS META PAP INDIRETO;;OK;134.9;'';P2;AUDIO_CONEXAO;;;;204001001641;ULTRA;;;0,2;;CLARO TV MAIS BOX;170036294
06/06/2023 00:00;0;COMISSOES ADICIONAIS;BONUS META PAP INDIRETO;CLRZ;202306;t;31,47;0;BONUS META PAP INDIRETO;;OK;104.9;'';P2;AUDIO_CONEXAO;;;;88624668558;ULTRA;;;0,3;;VIRTUA 250 MB;170036294
07/06/2023 00:00;0;COMISSOES ADICIONAIS;BONUS META PAP INDIRETO;CLRZ;202306;t;20,98;0;BONUS META PAP INDIRETO;;OK;104.9;'';P2;AUDIO_CONEXAO;;;;86366781317;ULTRA;;;0,2;;CLARO TV MAIS BOX;170036294
03/06/2023 00:00;48998166882;COMISSOES ADICIONAIS;BONUS META PAP INDIRETO;CLRZ;202306;t;41,98;0;BONUS META PAP INDIRETO;;OK;209.9;'';P2;AUDIO_CONEXAO;;;;278001785735;ULTRA;;;0,2;;PLANO CLARO POS MAIS 200GB COMBO - CF - CM;114042187
12/06/2023 00:00;0;COMISSOES ADICIONAIS;BONUS META PAP INDIRETO;CLRZ;202306;t;31,47;0;BONUS META PAP INDIRETO;;OK;104.89;'';P2;AUDIO_CONEXAO;;;;531010600788;ULTRA;;;0,3;;VIRTUA 500 MB;170036294
10/06/2023 00:00;0;BANDA LARGA FIXA;VIRTUA 500 MB;CLRZ;202306;f;0;95;FT_COMISSIONAMENTO;;SEM DOCUMENTACAO;114.9;'';P2;;;;;331001001058;ULTRA;;;3;;BL 500M SINGLE OU C/ FONE BWF PON FID;
30/06/2023 00:00;0;FONE FIXO;FALE ILIMITADO BRASIL TOTAL;CLRZ;202306;t;84;0;FT_COMISSIONAMENTO;;OK;30;'';P2;AUDIO_CONEXAO;;;;88624688940;ULTRA;;;2,8;;FONE ILIM BR TOT BWF PON 30.00;170031487
06/06/2023 00:00;0;COMISSOES ADICIONAIS;BONUS META PAP INDIRETO;CLRZ;202306;t;31,47;0;BONUS META PAP INDIRETO;;OK;104.9;'';P2;AUDIO_CONEXAO;;;;88624672920;ULTRA;;;0,3;;VIRTUA 250 MB;170036294
01/06/2023 00:00;0;COMISSOES ADICIONAIS;BONUS META PAP INDIRETO;CLRZ;202306;t;31,47;0;BONUS META PAP INDIRETO;;OK;104.9;'';P2;AUDIO_CONEXAO;;;;68001155753;ULTRA;;;0,3;;VIRTUA 500 MB;170036294
27/06/2023 00:00;0;BANDA LARGA FIXA;VIRTUA 500 MB;CLRZ;202306;t;362,21;0;FT_COMISSIONAMENTO;;OK;124.9;'';P2;AUDIO_CONEXAO;;;;749001448677;ULTRA;;;2,9;;BL 500M SINGLE OU C/ FONE BWF PON FID;170036294
19/06/2023 00:00;0;BANDA LARGA FIXA;VIRTUA 250 MB;CLRZ;202306;f;0;95;FT_COMISSIONAMENTO;;SEM DOCUMENTACAO;104.9;'';P2;;;;;996375171153;ULTRA;;;3;;BL 250M SINGLE OU C/ FONE FID;
19/06/2023 00:00;0;BANDA LARGA FIXA;VIRTUA 125 MB;CLRZ;202306;t;254,67;0;FT_COMISSIONAMENTO;;OK;84.89;'';P2;AUDIO_CONEXAO;;;;91380412506;ULTRA;;;3;;BL 125M AQS BS FID;170036294
20/06/2023 00:00;0;BANDA LARGA FIXA;VIRTUA 125 MB;CLRZ;202306;t;254,7;0;FT_COMISSIONAMENTO;;OK;84.9;'';P2;AUDIO_CONEXAO;;;;449001013820;ULTRA;;;3;;BL 125M COMBINADO BWF PON FID;170036294
01/06/2023 00:00;0;BANDA LARGA FIXA;VIRTUA 500 MB;CLRZ;202306;f;0;95;FT_COMISSIONAMENTO;;SEM DOCUMENTACAO;104.9;'';P2;;;;;204001001340;ULTRA;;;3;;BL 500M COMBINADO BWF PON FID;
17/06/2023 00:00;0;BANDA LARGA FIXA;VIRTUA 250 MB;CLRZ;202306;f;0;112;FT_COMISSIONAMENTO;;CARROSSEL;0;'';P2;AUDIO_CONEXAO;;;;86366787935;ULTRA;;;3;;BL 250M AQS BS FID;
17/06/2023 00:00;0;BANDA LARGA FIXA;VIRTUA 250 MB;CLRZ;202306;t;304,21;0;FT_COMISSIONAMENTO;;OK;104.9;'';P2;AUDIO_CONEXAO;;;;86366788818;ULTRA;;;2,9;;BL 250M SINGLE OU C/ FONE BWF PON FID;170036294
09/06/2023 00:00;0;COMISSOES ADICIONAIS;BONUS META PAP INDIRETO;CLRZ;202306;t;34,5;0;BONUS META PAP INDIRETO;;OK;115;'';P2;AUDIO_CONEXAO;;;;86366782828;ULTRA;;;0,3;;VIRTUA 300 MB;170036294
06/06/2023 00:00;0;COMISSOES ADICIONAIS;BONUS META PAP INDIRETO;CLRZ;202306;t;31,47;0;BONUS META PAP INDIRETO;;OK;104.9;'';P2;AUDIO_CONEXAO;;;;89341544433;ULTRA;;;0,3;;VIRTUA 500 MB;170036294
21/06/2023 00:00;0;BANDA LARGA FIXA;VIRTUA 500 MB;CLRZ;202306;t;314,7;0;FT_COMISSIONAMENTO;;OK;104.9;'';P2;AUDIO_CONEXAO;;;;89341546959;ULTRA;;;3;;BL 500M SINGLE OU C/ FONE BWF PON FID;170036294
30/06/2023 00:00;0;TV;CLARO TV MAIS BOX;CLRZ;202306;t;293,72;0;FT_COMISSIONAMENTO;;OK;104.9;'';P2;AUDIO_CONEXAO;;;;88624688940;ULTRA;;;2,8;;CLARO STREAMING HD TVMAIS TOP VOZ STX;170036294
01/06/2023 00:00;0;COMISSOES ADICIONAIS;BONUS META PAP INDIRETO;CLRZ;202306;t;25,47;0;BONUS META PAP INDIRETO;;OK;84.9;'';P2;AUDIO_CONEXAO;;;;749001444647;ULTRA;;;0,3;;VIRTUA 125 MB;170036294
01/06/2023 00:00;0;COMISSOES ADICIONAIS;BONUS META PAP INDIRETO;CLRZ;202306;t;31,47;0;BONUS META PAP INDIRETO;;OK;104.9;'';P2;AUDIO_CONEXAO;;;;749001444710;ULTRA;;;0,3;;VIRTUA 250 MB;170036294
02/06/2023 00:00;0;COMISSOES ADICIONAIS;BONUS META PAP INDIRETO;CLRZ;202306;t;31,47;0;BONUS META PAP INDIRETO;;OK;104.9;'';P2;AUDIO_CONEXAO;;;;749001444868;ULTRA;;;0,3;;VIRTUA 250 MB;170036294
09/06/2023 00:00;0;COMISSOES ADICIONAIS;BONUS META PAP INDIRETO;CLRZ;202306;t;31,47;0;BONUS META PAP INDIRETO;;OK;104.9;'';P2;AUDIO_CONEXAO;;;;749001445082;ULTRA;;;0,3;;VIRTUA 250 MB;170036294
05/06/2023 00:00;0;COMISSOES ADICIONAIS;BONUS META PAP INDIRETO;CLRZ;202306;t;31,47;0;BONUS META PAP INDIRETO;;OK;104.9;'';P2;AUDIO_CONEXAO;;;;749001445171;ULTRA;;;0,3;;VIRTUA 250 MB;170036294
06/06/2023 00:00;0;COMISSOES ADICIONAIS;BONUS META PAP INDIRETO;CLRZ;202306;t;37,47;0;BONUS META PAP INDIRETO;;OK;124.9;'';P2;AUDIO_CONEXAO;;;;749001445341;ULTRA;;;0,3;;VIRTUA 500 MB;170036294
05/06/2023 00:00;0;COMISSOES ADICIONAIS;BONUS META PAP INDIRETO;CLRZ;202306;t;31,47;0;BONUS META PAP INDIRETO;;OK;104.9;'';P2;AUDIO_CONEXAO;;;;86366779550;ULTRA;;;0,3;;VIRTUA 250 MB;170036294
17/06/2023 00:00;0;COMISSOES ADICIONAIS;PLUGIN COMBO MULTI UR;CLRZ;202306;t;36,71;0;PLUGIN COMBO MULTI UR;;OK;104.9;'';P2;;;;;506001001451;ULTRA;;;0,35;;VIRTUA 500 MB;170036294
22/02/2023 00:00;0;ESTORNO;VIRTUA 250 MB;CLRZ;202306;t;-142,35;0;CANCELAMENTO 120 DIAS;;OK;0;'';P2;AUDIO_CONEXAO;;;;570001041313;ULTRA;;;3;;BL 250M SINGLE OU C/ FONE BWF PON FID;170036294
04/03/2023 00:00;0;ESTORNO;VIRTUA 250 MB;CLRZ;202306;t;-157,35;0;CANCELAMENTO 120 DIAS;;OK;0;'';P2;AUDIO_CONEXAO;;;;86366703030;ULTRA;;;3;;BL 250M SINGLE OU C/ FONE FID;170036294
16/06/2023 00:00;45988392453;COMISSOES ADICIONAIS;PLUGIN COMBO MULTI;CLRZ;202306;t;19,21;0;PLUGIN COMBO MULTI;;OK;54.9;'';P2;AUDIO_CONEXAO;;;;506001001451;ULTRA;;;0,35;;MIGRA PRE PARA POS - PLANO CONTROLE MAIS 13GB COMBO - CF;114042187
23/02/2023 00:00;0;ESTORNO;VIRTUA 250 MB;CLRZ;202306;t;-157,35;0;CANCELAMENTO 120 DIAS;;OK;0;'';P2;AUDIO_CONEXAO;;;;88624595178;ULTRA;;;3;;BL 250M SINGLE OU C/ FONE FID;170036294
22/02/2023 00:00;0;ESTORNO;VIRTUA 250 MB;CLRZ;202306;t;-142,35;0;CANCELAMENTO 120 DIAS;;OK;0;'';P2;AUDIO_CONEXAO;;;;724001010814;ULTRA;;;3;;BL 250M SINGLE OU C/ FONE BWF PON FID;170036294
26/05/2023 00:00;0;ESTORNO;VIRTUA 250 MB;CLRZ;202306;t;-356,66;0;CANCELAMENTO 30 DIAS;;OK;0;'';P2;AUDIO_CONEXAO;;;;203001337627;ULTRA;;;3,4;;BL 250M SINGLE OU C/ FONE BWF PON FID;170036294
28/03/2023 00:00;0;ESTORNO;VIRTUA 250 MB;CLRZ;202306;t;-188,82;0;CANCELAMENTO 90 DIAS;;OK;0;'';P2;AUDIO_CONEXAO;;;;89341532133;ULTRA;;;3;;BL 250M SINGLE OU C/ FONE FID;170036294
07/03/2023 00:00;0;ESTORNO;VIRTUA 250 MB;CLRZ;202306;t;-157,35;0;CANCELAMENTO 120 DIAS;;OK;0;'';P2;AUDIO_CONEXAO;;;;996375130821;ULTRA;;;3;;BL 250M SINGLE OU C/ FONE FID;170036294
30/06/2023 00:00;0;COMISSOES ADICIONAIS;REMUNERACAO FIXA BANDA LARGA FIXA;CLRZ;202306;t;9720;0;REMUNERCAO FIXA PAP_INDIRETO;;OK;10800;'';P2;;;;;;ULTRA;;;;;;170036294
30/06/2023 00:00;0;COMISSOES ADICIONAIS;REMUNERACAO FIXA TV;CLRZ;202306;t;1080;0;REMUNERCAO FIXA PAP_INDIRETO;;OK;10800;'';P2;;;;;;ULTRA;;;;;;170036294
17/03/2023 00:00;0;ESTORNO;CLARO TV MAIS BOX;CLRZ;202306;t;-314,7;0;FRAUDE;;OK;0;'';P2;AUDIO_CONEXAO;;;;724001011136;ULTRA;;;3;;CLARO STREAMING HD TVMAIS TOP VOZ STX;170036294
09/06/2023 00:00;0;ESTORNO;VIRTUA 350 MB;CLRZ;202306;t;-304,21;0;CANCELAMENTO 30 DIAS;;OK;0;'';P2;AUDIO_CONEXAO;;;;996375169183;ULTRA;;;2,9;;BL 350M COMBINADO FID;170036294
17/03/2023 00:00;0;ESTORNO;VIRTUA 125 MB;CLRZ;202306;t;-254,7;0;FRAUDE;;OK;0;'';P2;AUDIO_CONEXAO;;;;724001011136;ULTRA;;;3;;BL 125M COMBINADO BWF PON FID;170036294
27/02/2023 00:00;0;ESTORNO;VIRTUA 250 MB;CLRZ;202306;t;-157,35;0;CANCELAMENTO 120 DIAS;;OK;0;'';P2;AUDIO_CONEXAO;;;;996375126859;ULTRA;;;3;;BL 250M SINGLE OU C/ FONE FID;170036294
27/02/2023 00:00;0;ESTORNO;VIRTUA 125 MB;CLRZ;202306;t;-127,34;0;CANCELAMENTO 120 DIAS;;OK;0;'';P2;AUDIO_CONEXAO;;;;996375123892;ULTRA;;;3;;BL 125M AQS BS FID;170036294
24/04/2023 00:00;0;ESTORNO;VIRTUA 500 MB;CLRZ;202306;t;-214;0;CANCELAMENTO 90 DIAS;;OK;0;'';P2;AUDIO_CONEXAO;;;;193002235571;ULTRA;;;3,4;;BL 500M SINGLE OU C/ FONE BWF PON FID;170036294
31/05/2023 00:00;0;ESTORNO;CAMPANHA SUPERACAO PAP_INDIRETO;CLRZ;202306;t;-73,43;0;CARROSSEL;;OK;0;'';P2;AUDIO_CONEXAO;;;;203001338488;ULTRA;;;0,7;;FAIXA 3;170036294
07/03/2023 00:00;0;ESTORNO;VIRTUA 250 MB;CLRZ;202306;t;-157,35;0;CANCELAMENTO 120 DIAS;;OK;0;'';P2;AUDIO_CONEXAO;;;;203001327800;ULTRA;;;3;;BL 250M SINGLE OU C/ FONE BWF PON FID;170036294
10/03/2023 00:00;0;ESTORNO;BONUS TV;CLRZ;202306;t;-26,22;0;CANCELAMENTO 120 DIAS;;OK;0;'';P2;;;;;996375129580;ULTRA;;;0,5;;CLARO TV MAIS BOX;170036294
08/03/2023 00:00;0;ESTORNO;VIRTUA 250 MB;CLRZ;202306;t;-157,35;0;CANCELAMENTO 120 DIAS;;OK;0;'';P2;AUDIO_CONEXAO;;;;86366703723;ULTRA;;;3;;BL 250M SINGLE OU C/ FONE BWF PON FID;170036294
24/06/2023 00:00;0;COMISSOES ADICIONAIS;PLUGIN COMBO MULTI UR;CLRZ;202306;t;36,71;0;PLUGIN COMBO MULTI UR;;OK;104.9;'';P2;;;;;86366781317;ULTRA;;;0,35;;VIRTUA 350 MB;170036294
22/03/2023 00:00;0;ESTORNO;CLARO TV MAIS BOX;CLRZ;202306;t;-188,82;0;CANCELAMENTO 90 DIAS;;OK;0;'';P2;AUDIO_CONEXAO;;;;724001011179;ULTRA;;;3;;CLARO STREAMING HD TVMAIS TOP VOZ STX;170036294
10/03/2023 00:00;0;ESTORNO;CLARO TV MAIS BOX;CLRZ;202306;t;-157,35;0;CANCELAMENTO 120 DIAS;;OK;0;'';P2;AUDIO_CONEXAO;;;;996375129580;ULTRA;;;3;;CLARO STREAMING HD TVMAIS TOP VOZ STX;170036294
24/02/2023 00:00;0;ESTORNO;VIRTUA 250 MB;CLRZ;202306;t;-157,34;0;CANCELAMENTO 120 DIAS;;OK;0;'';P2;AUDIO_CONEXAO;;;;996375122209;ULTRA;;;3;;BL 250M AQS BS FID;170036294
15/12/2022 00:00;0;ESTORNO REFERENTE 04/2023 P2;VIRTUA 250 MB;CLRZ;202306;t;-239,76;0;INAD_1_60_OK;;OK;0;'';P2;AUDIO_CONEXAO;;;;86366637291;ULTRA;;;3;;BL 250M SINGLE OU C/ FONE BWF PON FID;170036294
28/02/2023 00:00;0;ESTORNO;VIRTUA 250 MB;CLRZ;202306;t;-157,35;0;CANCELAMENTO 120 DIAS;;OK;0;'';P2;AUDIO_CONEXAO;;;;91380386050;ULTRA;;;3;;BL 250M SINGLE OU C/ FONE FID;170036294
17/02/2023 00:00;0;ESTORNO REFERENTE 06/2023 P2;VIRTUA 250 MB;CLRZ;202308;f;-251,76;205;INAD_1;;ESTORNOS A DEBITAR 60 DIAS;0;'';P2;AUDIO_CONEXAO;;;;86366689704;ULTRA;;;3;;BL 250M SINGLE OU C/ FONE FID;
22/02/2023 00:00;0;ESTORNO REFERENTE 06/2023 P2;VIRTUA 250 MB;CLRZ;202308;f;-251,74;205;INAD_1;;ESTORNOS A DEBITAR 60 DIAS;0;'';P2;AUDIO_CONEXAO;;;;996375123558;ULTRA;;;3;;BL 250M AQS BS FID;
23/02/2023 00:00;0;ESTORNO REFERENTE 06/2023 P2;VIRTUA 500 MB;CLRZ;202308;f;-299,76;205;INAD_1;;ESTORNOS A DEBITAR 60 DIAS;0;'';P2;AUDIO_CONEXAO;;;;91380386971;ULTRA;;;3;;BL 500M SINGLE OU C/ FONE FID;
24/01/2023 00:00;0;ESTORNO REFERENTE 06/2023 P2;VIRTUA 250 MB;CLRZ;202308;f;-188,8;205;INAD_2;;ESTORNOS A DEBITAR 60 DIAS;0;'';P2;AUDIO_CONEXAO;;;;749001422279;ULTRA;;;3;;BL 250M SINGLE/FONE AQS BS BWF PON FID;
18/01/2023 00:00;0;ESTORNO REFERENTE 06/2023 P2;VIRTUA 250 MB;CLRZ;202308;f;-188,82;205;INAD_2;;ESTORNOS A DEBITAR 60 DIAS;0;'';P2;AUDIO_CONEXAO;;;;278001763260;ULTRA;;;3;;BL 250M SINGLE OU C/ FONE FID;
