"DATA_ATIVACAO";"NUN_NTC";"TIPO_OPERACAO";"PLANO";"COD_MOBILE";"MES_REFERENCIA";"VALIDO_COMISSAO";"VALOR_COMISSAO";"COD_IRREG";"ARQUIVO";"DATA_ESTORNO";"PENDENCIA";"VALOR_FRANQUIA";"SIMCARD";"COD_QUINZENA";"STATUS_GED";"NTC_ANTERIOR";"PLANO_ANTERIOR";"NUM_CHAMADO";"CONTRATO_EBT_NET";"CLASSIFICACAO_PGTO";"FRANQUIA_ANTERIOR";"VALOR_DELTA";"VALOR_FATOR";"DAT_DIGITALIZACAO";"DSC_NOME_PLANO";"NUM_FI"
"2023-11-30 00:00:00";"0";"BANDA LARGA FIXA";"VIRTUA 250 MB";"CLRZ";"202311";"t";"304,18";"0";"FT_COMISSIONAMENTO";"";"OK";"104.89";"''";"P2";"AUDIO_CONEXAO";"";"";"";"088624801282";"ULTRA";"";"";"2,9";"";"BL 250M AQS BS FID";"170054562"
"2023-11-30 00:00:00";"0";"BANDA LARGA FIXA";"VIRTUA 250 MB";"CLRZ";"202311";"t";"304,18";"0";"FT_COMISSIONAMENTO";"";"OK";"104.89";"''";"P2";"AUDIO_CONEXAO";"";"";"";"088624804435";"ULTRA";"";"";"2,9";"";"BL 250M AQS BS FID";"170054562"
"2023-11-23 00:00:00";"0";"BANDA LARGA FIXA";"VIRTUA 750 MB";"CLRZ";"202311";"t";"449,21";"0";"FT_COMISSIONAMENTO";"";"OK";"154.9";"''";"P2";"AUDIO_CONEXAO";"";"";"";"203001364640";"ULTRA";"";"";"2,9";"";"BL 750M EMP PME CNPJ PON FID";"170054562"
"2023-11-21 00:00:00";"0";"BANDA LARGA FIXA";"VIRTUA 250 MB";"CLRZ";"202311";"t";"304,18";"0";"FT_COMISSIONAMENTO";"";"OK";"104.89";"''";"P2";"AUDIO_CONEXAO";"";"";"";"086366890337";"ULTRA";"";"";"2,9";"";"BL 250M SINGLE/FONE AQS BS BWF PON FID";"170054562"
"2023-11-29 00:00:00";"0";"BANDA LARGA FIXA";"VIRTUA 500 MB";"CLRZ";"202311";"t";"314,67";"0";"FT_COMISSIONAMENTO";"";"OK";"104.89";"''";"P2";"AUDIO_CONEXAO";"";"";"";"204001006562";"ULTRA";"";"";"3";"";"BL 500M GPLAY 1P/FONE AQS BS PON FID";"170054562"
"2023-11-28 00:00:00";"0";"BANDA LARGA FIXA";"VIRTUA 500 MB";"CLRZ";"202311";"t";"304,18";"0";"FT_COMISSIONAMENTO";"";"OK";"104.89";"''";"P2";"AUDIO_CONEXAO";"";"";"";"749001478665";"ULTRA";"";"";"2,9";"";"BL 500M SINGLE/FONE AQS BS BWF PON FID";"170054562"
"2023-11-28 00:00:00";"0";"BANDA LARGA FIXA";"VIRTUA 500 MB";"CLRZ";"202311";"t";"304,18";"0";"FT_COMISSIONAMENTO";"";"OK";"104.89";"''";"P2";"AUDIO_CONEXAO";"";"";"";"749001478460";"ULTRA";"";"";"2,9";"";"BL 500M SINGLE/FONE AQS BS BWF PON FID";"170054562"
"2023-11-21 00:00:00";"0";"TV";"TV PLUS HD";"CLRZ";"202311";"t";"350";"0";"FT_COMISSIONAMENTO";"";"OK";"125";"''";"P2";"AUDIO_CONEXAO";"";"";"";"088624795525";"ULTRA";"";"";"2,8";"";"PLUS HD EMP PME 1P FID";"170054562"
"2023-11-17 00:00:00";"0";"BANDA LARGA FIXA";"VIRTUA 500 MB";"CLRZ";"202311";"t";"314,7";"0";"FT_COMISSIONAMENTO";"";"OK";"104.9";"''";"P2";"AUDIO_CONEXAO";"";"";"";"113001021590";"ULTRA";"";"";"3";"";"BL 500M SINGLE OU C/ FONE BWF PON FID";"170054562"
"2023-11-17 00:00:00";"0";"BANDA LARGA FIXA";"VIRTUA 500 MB";"CLRZ";"202311";"t";"314,67";"0";"FT_COMISSIONAMENTO";"";"OK";"104.89";"''";"P2";"AUDIO_CONEXAO";"";"";"";"113001021604";"ULTRA";"";"";"3";"";"BL 500M SINGLE/FONE AQS BS BWF PON FID";"170054562"
"2023-11-18 00:00:00";"0";"BANDA LARGA FIXA";"VIRTUA 500 MB";"CLRZ";"202311";"t";"314,7";"0";"FT_COMISSIONAMENTO";"";"OK";"104.9";"''";"P2";"AUDIO_CONEXAO";"";"";"";"213001136465";"ULTRA";"";"";"3";"";"BL 500M GPLAY 1P/FONE PON FID";"170054562"
"2023-11-18 00:00:00";"0";"BANDA LARGA FIXA";"VIRTUA 500 MB";"CLRZ";"202311";"t";"314,7";"0";"FT_COMISSIONAMENTO";"";"OK";"104.9";"''";"P2";"AUDIO_CONEXAO";"";"";"";"213001136473";"ULTRA";"";"";"3";"";"BL 500M SINGLE OU C/ FONE BWF PON FID";"170054562"
"2023-11-30 00:00:00";"0";"BANDA LARGA FIXA";"VIRTUA 250 MB";"CLRZ";"202311";"t";"304,21";"0";"FT_COMISSIONAMENTO";"";"OK";"104.9";"''";"P2";"AUDIO_CONEXAO";"";"";"";"996375241690";"ULTRA";"";"";"2,9";"";"BL 250M SINGLE OU C/ FONE FID";"170054562"
"2023-11-29 00:00:00";"0";"BANDA LARGA FIXA";"VIRTUA 500 MB";"CLRZ";"202311";"t";"304,18";"0";"FT_COMISSIONAMENTO";"";"OK";"104.89";"''";"P2";"AUDIO_CONEXAO";"";"";"";"749001478754";"ULTRA";"";"";"2,9";"";"BL 500M SINGLE/FONE AQS BS BWF PON FID";"170054562"
"2023-11-29 00:00:00";"0";"BANDA LARGA FIXA";"VIRTUA 250 MB";"CLRZ";"202311";"f";"0";"95";"FT_COMISSIONAMENTO";"";"SEM DOCUMENTACAO";"104.89";"''";"P2";"";"";"";"";"996375240775";"ULTRA";"";"";"3";"";"BL 250M AQS BS FID";""
"2023-11-22 00:00:00";"0";"BANDA LARGA FIXA";"VIRTUA 500 MB";"CLRZ";"202311";"t";"304,18";"0";"FT_COMISSIONAMENTO";"";"OK";"104.89";"''";"P2";"AUDIO_CONEXAO";"";"";"";"749001477405";"ULTRA";"";"";"2,9";"";"BL 500M SINGLE/FONE AQS BS BWF PON FID";"170054562"
"2023-11-22 00:00:00";"0";"BANDA LARGA FIXA";"VIRTUA 500 MB";"CLRZ";"202311";"t";"304,21";"0";"FT_COMISSIONAMENTO";"";"OK";"104.9";"''";"P2";"AUDIO_CONEXAO";"";"";"";"749001477448";"ULTRA";"";"";"2,9";"";"BL 500M SINGLE OU C/ FONE BWF PON FID";"170054562"
"2023-11-22 00:00:00";"0";"BANDA LARGA FIXA";"VIRTUA 500 MB";"CLRZ";"202311";"t";"304,18";"0";"FT_COMISSIONAMENTO";"";"OK";"104.89";"''";"P2";"AUDIO_CONEXAO";"";"";"";"749001477308";"ULTRA";"";"";"2,9";"";"BL 500M SINGLE/FONE AQS BS BWF PON FID";"170054562"
"2023-11-20 00:00:00";"0";"FONE FIXO";"FALE ILIMITADO BRASIL TOTAL";"CLRZ";"202311";"t";"84";"0";"FT_COMISSIONAMENTO";"";"OK";"30";"''";"P2";"AUDIO_CONEXAO";"";"";"";"749001475895";"ULTRA";"";"";"2,8";"";"FONE ILIM BR TOT BWF PON04";"170047381"
"2023-11-20 00:00:00";"0";"BANDA LARGA FIXA";"VIRTUA 500 MB";"CLRZ";"202311";"t";"314,67";"0";"FT_COMISSIONAMENTO";"";"OK";"104.89";"''";"P2";"AUDIO_CONEXAO";"";"";"";"213001136651";"ULTRA";"";"";"3";"";"BL 500M SINGLE/FONE AQS BS BWF PON FID";"170054562"
"2023-11-20 00:00:00";"0";"BANDA LARGA FIXA";"VIRTUA 500 MB";"CLRZ";"202311";"t";"314,67";"0";"FT_COMISSIONAMENTO";"";"OK";"104.89";"''";"P2";"AUDIO_CONEXAO";"";"";"";"213001136708";"ULTRA";"";"";"3";"";"BL 500M SINGLE/FONE AQS BS BWF PON FID";"170054562"
"2023-11-23 00:00:00";"0";"BANDA LARGA FIXA";"VIRTUA 600 MB";"CLRZ";"202311";"f";"0";"18";"FT_COMISSIONAMENTO";"";"VENDA CLARO EMPRESAS PARA PF";"104.88";"''";"P2";"AUDIO_CONEXAO";"";"";"";"091380448950";"ULTRA";"";"";"3";"";"BL 500M EMP PME AQS BS SINGLE FID";""
"2023-11-23 00:00:00";"0";"BANDA LARGA FIXA";"VIRTUA 600 MB";"CLRZ";"202311";"t";"420,21";"0";"FT_COMISSIONAMENTO";"";"OK";"144.9";"''";"P2";"AUDIO_CONEXAO";"";"";"";"086366892526";"ULTRA";"";"";"2,9";"";"BL 600M EMP PME CNPJ PON FID";"170054562"
"2023-11-18 00:00:00";"0";"BANDA LARGA FIXA";"VIRTUA 250 MB";"CLRZ";"202311";"f";"0";"112";"FT_COMISSIONAMENTO";"";"CARROSSEL";"0";"''";"P2";"AUDIO_CONEXAO";"";"";"";"086366888944";"ULTRA";"";"";"3";"";"BL 250M AQS BS FID";""
"2023-11-29 00:00:00";"0";"BANDA LARGA FIXA";"VIRTUA 500 MB";"CLRZ";"202311";"t";"314,67";"0";"FT_COMISSIONAMENTO";"";"OK";"104.89";"''";"P2";"AUDIO_CONEXAO";"";"";"";"213001138301";"ULTRA";"";"";"3";"";"BL 500M SINGLE/FONE AQS BS BWF PON FID";"170054562"
"2023-11-28 00:00:00";"0";"BANDA LARGA FIXA";"VIRTUA 500 MB";"CLRZ";"202311";"t";"314,67";"0";"FT_COMISSIONAMENTO";"";"OK";"104.89";"''";"P2";"AUDIO_CONEXAO";"";"";"";"593001011996";"ULTRA";"";"";"3";"";"BL 500M SINGLE/FONE AQS BS BWF PON FID";"170054562"
"2023-11-24 00:00:00";"0";"BANDA LARGA FIXA";"VIRTUA 125 MB";"CLRZ";"202311";"t";"246,18";"0";"FT_COMISSIONAMENTO";"";"OK";"84.89";"''";"P2";"AUDIO_CONEXAO";"";"";"";"996375239017";"ULTRA";"";"";"2,9";"";"BL 125M AQS BS FID";"170054562"
"2023-11-24 00:00:00";"0";"BANDA LARGA FIXA";"VIRTUA 250 MB";"CLRZ";"202311";"t";"304,21";"0";"FT_COMISSIONAMENTO";"";"OK";"104.9";"''";"P2";"AUDIO_CONEXAO";"";"";"";"996375238568";"ULTRA";"";"";"2,9";"";"BL 250M SINGLE OU C/ FONE FID";"170054562"
"2023-11-25 00:00:00";"0";"BANDA LARGA FIXA";"VIRTUA 300 MB";"CLRZ";"202311";"t";"391,21";"0";"FT_COMISSIONAMENTO";"";"OK";"134.9";"''";"P2";"AUDIO_CONEXAO";"";"";"";"203001365000";"ULTRA";"";"";"2,9";"";"BL 400M EMP PME PON CNPJ FID";"170054562"
"2023-11-25 00:00:00";"0";"BANDA LARGA FIXA";"VIRTUA 350 MB";"CLRZ";"202311";"t";"344,64";"0";"FT_COMISSIONAMENTO";"";"OK";"114.88";"''";"P2";"AUDIO_CONEXAO";"";"";"";"352001022478";"ULTRA";"";"";"3";"";"BL 400M EMP PME SINGLE AQS BS PON FID";"170054562"
"2023-11-21 00:00:00";"0";"BANDA LARGA FIXA";"VIRTUA 600 MB";"CLRZ";"202311";"t";"304,21";"0";"FT_COMISSIONAMENTO";"";"OK";"104.9";"''";"P2";"AUDIO_CONEXAO";"";"";"";"749001477227";"ULTRA";"";"";"2,9";"";"BL 500M EMP PME CNPJ PON FID";"170054562"
"2023-11-20 00:00:00";"0";"BANDA LARGA FIXA";"VIRTUA 500 MB";"CLRZ";"202311";"t";"304,18";"0";"FT_COMISSIONAMENTO";"";"OK";"104.89";"''";"P2";"AUDIO_CONEXAO";"";"";"";"193002279560";"ULTRA";"";"";"2,9";"";"BL 500M SINGLE OU C/ FONE AQS BS FID";"170054562"
"2023-11-29 00:00:00";"0";"BANDA LARGA FIXA";"VIRTUA 500 MB";"CLRZ";"202311";"t";"314,7";"0";"FT_COMISSIONAMENTO";"";"OK";"104.9";"''";"P2";"AUDIO_CONEXAO";"";"";"";"213001138107";"ULTRA";"";"";"3";"";"BL 500M SINGLE OU C/ FONE BWF PON FID";"170054562"
"2023-11-29 00:00:00";"0";"BANDA LARGA FIXA";"VIRTUA 500 MB";"CLRZ";"202311";"t";"314,67";"0";"FT_COMISSIONAMENTO";"";"OK";"104.89";"''";"P2";"AUDIO_CONEXAO";"";"";"";"213001138034";"ULTRA";"";"";"3";"";"BL 500M SINGLE/FONE AQS BS BWF PON FID";"170054562"
"2023-11-17 00:00:00";"0";"BANDA LARGA FIXA";"VIRTUA 600 MB";"CLRZ";"202311";"t";"304,21";"0";"FT_COMISSIONAMENTO";"";"OK";"104.9";"''";"P2";"AUDIO_CONEXAO";"";"";"";"749001476581";"ULTRA";"";"";"2,9";"";"BL 500M EMP PME C/CEL OU FONE PJ PON FID";"170054562"
"2023-11-17 00:00:00";"0";"BANDA LARGA FIXA";"VIRTUA 150 MB";"CLRZ";"202311";"t";"260,71";"0";"FT_COMISSIONAMENTO";"";"OK";"89.9";"''";"P2";"AUDIO_CONEXAO";"";"";"";"088624793140";"ULTRA";"";"";"2,9";"";"BL 150M EMP PME CNPJ FID";"170054562"
"2023-11-24 00:00:00";"0";"BANDA LARGA FIXA";"VIRTUA 250 MB";"CLRZ";"202311";"t";"304,18";"0";"FT_COMISSIONAMENTO";"";"OK";"104.89";"''";"P2";"AUDIO_CONEXAO";"";"";"";"086366892925";"ULTRA";"";"";"2,9";"";"BL 250M SINGLE/FONE AQS BS BWF PON FID";"170054562"
"2023-11-24 00:00:00";"0";"BANDA LARGA FIXA";"VIRTUA 500 MB";"CLRZ";"202311";"t";"314,7";"0";"FT_COMISSIONAMENTO";"";"OK";"104.9";"''";"P2";"AUDIO_CONEXAO";"";"";"";"570001047885";"ULTRA";"";"";"3";"";"BL 500M SINGLE OU C/ FONE BWF PON FID";"170054562"
"2023-11-25 00:00:00";"0";"BANDA LARGA FIXA";"VIRTUA 500 MB";"CLRZ";"202311";"t";"314,7";"0";"FT_COMISSIONAMENTO";"";"OK";"104.9";"''";"P2";"AUDIO_CONEXAO";"";"";"";"068001176564";"ULTRA";"";"";"3";"";"BL 500M SINGLE OU C/ FONE FID";"170054562"
"2023-11-25 00:00:00";"0";"BANDA LARGA FIXA";"VIRTUA 125 MB";"CLRZ";"202311";"t";"254,7";"0";"FT_COMISSIONAMENTO";"";"OK";"84.9";"''";"P2";"AUDIO_CONEXAO";"";"";"";"213001137615";"ULTRA";"";"";"3";"";"BL 125M SINGLE OU C/ FONE BWF PON FID";"170054562"
"2023-11-24 00:00:00";"0";"BANDA LARGA FIXA";"VIRTUA 500 MB";"CLRZ";"202311";"t";"304,18";"0";"FT_COMISSIONAMENTO";"";"OK";"104.89";"''";"P2";"AUDIO_CONEXAO";"";"";"";"749001478142";"ULTRA";"";"";"2,9";"";"BL 500M SINGLE/FONE AQS BS BWF PON FID";"170054562"
"2023-11-24 00:00:00";"0";"BANDA LARGA FIXA";"VIRTUA 500 MB";"CLRZ";"202311";"t";"304,18";"0";"FT_COMISSIONAMENTO";"";"OK";"104.89";"''";"P2";"AUDIO_CONEXAO";"";"";"";"749001478029";"ULTRA";"";"";"2,9";"";"BL 500M SINGLE/FONE AQS BS BWF PON FID";"170054562"
"2023-11-24 00:00:00";"0";"TV";"CLARO TV MAIS BOX";"CLRZ";"202311";"t";"293,72";"0";"FT_COMISSIONAMENTO";"";"OK";"104.9";"''";"P2";"AUDIO_CONEXAO";"";"";"";"086366887158";"ULTRA";"";"";"2,8";"";"CLARO STREAMING HD TVMAIS TOP VOZ FID";"170054562"
"2023-11-21 00:00:00";"0";"BANDA LARGA FIXA";"VIRTUA 125 MB";"CLRZ";"202311";"t";"246,18";"0";"FT_COMISSIONAMENTO";"";"OK";"84.89";"''";"P2";"AUDIO_CONEXAO";"";"";"";"088624792763";"ULTRA";"";"";"2,9";"";"BL 125M AQS BS FID";"170054562"
"2023-11-20 00:00:00";"0";"BANDA LARGA FIXA";"VIRTUA 250 MB";"CLRZ";"202311";"t";"304,18";"0";"FT_COMISSIONAMENTO";"";"OK";"104.89";"''";"P2";"AUDIO_CONEXAO";"";"";"";"996375236999";"ULTRA";"";"";"2,9";"";"BL 250M AQS BS FID";"170054562"
"2023-11-18 00:00:00";"0";"TV";"CLARO TV MAIS 4K BLACK FRIDAY";"CLRZ";"202311";"t";"349,72";"0";"FT_COMISSIONAMENTO";"";"OK";"124.9";"''";"P2";"AUDIO_CONEXAO";"";"";"";"996375236255";"ULTRA";"";"";"2,8";"";"CLAROTVMAIS TOP HD 4K BF23 FID";"170054562"
"2023-11-17 00:00:00";"0";"BANDA LARGA FIXA";"VIRTUA 350 MB";"CLRZ";"202311";"t";"304,18";"0";"FT_COMISSIONAMENTO";"";"OK";"104.89";"''";"P2";"AUDIO_CONEXAO";"";"";"";"278001826180";"ULTRA";"";"";"2,9";"";"BL 350M SINGLE/ FONE AQS BS FID";"170054562"
"2023-11-20 00:00:00";"0";"BANDA LARGA FIXA";"VIRTUA 250 MB";"CLRZ";"202311";"f";"0";"112";"FT_COMISSIONAMENTO";"";"CARROSSEL";"0";"''";"P2";"AUDIO_CONEXAO";"";"";"";"086366889703";"ULTRA";"";"";"3";"";"BL 250M SINGLE/FONE AQS BS BWF PON FID";""
"2023-11-22 00:00:00";"0";"BANDA LARGA FIXA";"VIRTUA 125 MB";"CLRZ";"202311";"t";"254,67";"0";"FT_COMISSIONAMENTO";"";"OK";"84.89";"''";"P2";"AUDIO_CONEXAO";"";"";"";"089341571830";"ULTRA";"";"";"3";"";"BL 125M SINGLE/FONE AQS BS BWF PON FID";"170054562"
"2023-11-28 00:00:00";"0";"BANDA LARGA FIXA";"VIRTUA 500 MB";"CLRZ";"202311";"t";"314,67";"0";"FT_COMISSIONAMENTO";"";"OK";"104.89";"''";"P2";"AUDIO_CONEXAO";"";"";"";"213001137941";"ULTRA";"";"";"3";"";"BL 500M SINGLE/FONE AQS BS BWF PON FID";"170054562"
"2023-11-28 00:00:00";"0";"BANDA LARGA FIXA";"VIRTUA 500 MB";"CLRZ";"202311";"t";"314,67";"0";"FT_COMISSIONAMENTO";"";"OK";"104.89";"''";"P2";"AUDIO_CONEXAO";"";"";"";"213001137844";"ULTRA";"";"";"3";"";"BL 500M GPLAY 1P/FONE AQS BS PON FID";"170054562"
"2023-11-28 00:00:00";"0";"BANDA LARGA FIXA";"VIRTUA 500 MB";"CLRZ";"202311";"t";"314,67";"0";"FT_COMISSIONAMENTO";"";"OK";"104.89";"''";"P2";"AUDIO_CONEXAO";"";"";"";"213001137755";"ULTRA";"";"";"3";"";"BL 500M SINGLE/FONE AQS BS BWF PON FID";"170054562"
"2023-11-28 00:00:00";"0";"BANDA LARGA FIXA";"VIRTUA 500 MB";"CLRZ";"202311";"t";"314,67";"0";"FT_COMISSIONAMENTO";"";"OK";"104.89";"''";"P2";"AUDIO_CONEXAO";"";"";"";"213001137801";"ULTRA";"";"";"3";"";"BL 500M GPLAY 1P/FONE AQS BS PON FID";"170054562"
"2023-11-17 00:00:00";"0";"BANDA LARGA FIXA";"VIRTUA 500 MB";"CLRZ";"202311";"t";"314,7";"0";"FT_COMISSIONAMENTO";"";"OK";"104.9";"''";"P2";"AUDIO_CONEXAO";"";"";"";"213001136392";"ULTRA";"";"";"3";"";"BL 500M SINGLE OU C/ FONE BWF PON FID";"170054562"
"2023-11-17 00:00:00";"0";"BANDA LARGA FIXA";"VIRTUA 500 MB";"CLRZ";"202311";"t";"314,67";"0";"FT_COMISSIONAMENTO";"";"OK";"104.89";"''";"P2";"AUDIO_CONEXAO";"";"";"";"213001136309";"ULTRA";"";"";"3";"";"BL 500M SINGLE/FONE AQS BS BWF PON FID";"170054562"
"2023-11-17 00:00:00";"0";"BANDA LARGA FIXA";"VIRTUA 500 MB";"CLRZ";"202311";"t";"314,67";"0";"FT_COMISSIONAMENTO";"";"OK";"104.89";"''";"P2";"AUDIO_CONEXAO";"";"";"";"213001136279";"ULTRA";"";"";"3";"";"BL 500M SINGLE/FONE AQS BS BWF PON FID";"170054562"
"2023-11-07 00:00:00";"0";"COMISSOES ADICIONAIS";"BONUS META PAP INDIRETO";"CLRZ";"202311";"t";"52,44";"0";"BONUS META PAP INDIRETO";"";"OK";"104.89";"''";"P2";"AUDIO_CONEXAO";"";"";"";"213001135078";"ULTRA";"";"";",5";"";"VIRTUA 500 MB";"170054562"
"2023-11-07 00:00:00";"0";"COMISSOES ADICIONAIS";"BONUS META PAP INDIRETO";"CLRZ";"202311";"t";"52,45";"0";"BONUS META PAP INDIRETO";"";"OK";"104.9";"''";"P2";"AUDIO_CONEXAO";"";"";"";"086366878876";"ULTRA";"";"";",5";"";"VIRTUA 250 MB";"170054562"
"2023-11-20 00:00:00";"0";"BANDA LARGA FIXA";"VIRTUA 500 MB";"CLRZ";"202311";"t";"314,67";"0";"FT_COMISSIONAMENTO";"";"OK";"104.89";"''";"P2";"AUDIO_CONEXAO";"";"";"";"506001027779";"ULTRA";"";"";"3";"";"BL 500M SINGLE/FONE AQS BS BWF PON FID";"170054562"
"2023-11-24 00:00:00";"43988172072";"COMISSOES ADICIONAIS";"PLUGIN COMBO MULTI";"CLRZ";"202311";"t";"19,21";"0";"PLUGIN COMBO MULTI";"";"OK";"54.9";"''";"P2";"AUDIO_CONEXAO";"";"";"";"379001254331";"ULTRA";"";"";",35";"";"PLANO CONTROLE MAIS 13GB COMBO - CF";"114064836"
"2023-11-16 00:00:00";"0";"BANDA LARGA FIXA";"VIRTUA 250 MB";"CLRZ";"202311";"t";"304,21";"0";"FT_COMISSIONAMENTO";"";"OK";"104.9";"''";"P2";"AUDIO_CONEXAO";"";"";"";"086366887859";"ULTRA";"";"";"2,9";"";"BL 250M SINGLE OU C/ FONE BWF PON FID";"170054562"
"2023-11-17 00:00:00";"0";"BANDA LARGA FIXA";"VIRTUA 500 MB";"CLRZ";"202311";"t";"314,67";"0";"FT_COMISSIONAMENTO";"";"OK";"104.89";"''";"P2";"AUDIO_CONEXAO";"";"";"";"204001006287";"ULTRA";"";"";"3";"";"BL 500M SINGLE/FONE AQS BS BWF PON FID";"170054562"
"2023-11-28 00:00:00";"0";"BANDA LARGA FIXA";"VIRTUA 600 MB";"CLRZ";"202311";"t";"304,21";"0";"FT_COMISSIONAMENTO";"";"OK";"104.9";"''";"P2";"AUDIO_CONEXAO";"";"";"";"749001478495";"ULTRA";"";"";"2,9";"";"BL 500M EMP PME CNPJ PON FID";"170054562"
"2023-11-17 00:00:00";"0";"FONE FIXO";"FONE EMP FI BRASIL TOTAL";"CLRZ";"202311";"t";"28";"0";"FT_COMISSIONAMENTO";"";"OK";"10";"''";"P2";"AUDIO_CONEXAO";"";"";"";"749001476581";"ULTRA";"";"";"2,8";"";"FONE ILIM BR TOT 1L EMP PME PON 10";"170047381"
"2023-11-17 00:00:00";"0";"FONE FIXO";"FALE ILIMITADO BRASIL TOTAL";"CLRZ";"202311";"t";"87";"0";"FT_COMISSIONAMENTO";"";"OK";"30";"''";"P2";"AUDIO_CONEXAO";"";"";"";"213001136392";"ULTRA";"";"";"2,9";"";"FONE ILIM BR TOT BWF PON04";"170047381"
"2023-11-23 00:00:00";"0";"BANDA LARGA FIXA";"VIRTUA 500 MB";"CLRZ";"202311";"t";"304,18";"0";"FT_COMISSIONAMENTO";"";"OK";"104.89";"''";"P2";"AUDIO_CONEXAO";"";"";"";"749001477626";"ULTRA";"";"";"2,9";"";"BL 500M SINGLE/FONE AQS BS BWF PON FID";"170054562"
"2023-11-23 00:00:00";"0";"BANDA LARGA FIXA";"VIRTUA 750 MB";"CLRZ";"202311";"t";"391,18";"0";"FT_COMISSIONAMENTO";"";"OK";"134.89";"''";"P2";"AUDIO_CONEXAO";"";"";"";"749001477707";"ULTRA";"";"";"2,9";"";"BL 750M SINGLE/FONE AQS BS BWF PON FID";"170054562"
"2023-11-27 00:00:00";"0";"TROCA DE PLANO UR";"EQUIVALENCIA DE PLANO UR";"CLRZ";"202311";"f";"0";"3";"FT_COMISSIONAMENTO";"";"SEM FIDELIZACAO";"115";"''";"P2";"SIM - DOC SOLAR";"";"";"";"334001009619";"ULTRA";"115";"0";"2,6";"";"BL 600M EMP PME COMB BF PON CPF";""
"2023-11-17 00:00:00";"0";"BANDA LARGA FIXA";"VIRTUA 500 MB";"CLRZ";"202311";"t";"419,92";"0";"FT_COMISSIONAMENTO";"";"OK";"144.8";"''";"P2";"AUDIO_CONEXAO";"";"";"";"749001476646";"ULTRA";"";"";"2,9";"";"BL 500M NETFLIX SINGLE/FONE BWF PON FID";"170054562"
"2023-11-17 00:00:00";"0";"BANDA LARGA FIXA";"VIRTUA 500 MB";"CLRZ";"202311";"t";"304,21";"0";"FT_COMISSIONAMENTO";"";"OK";"104.9";"''";"P2";"AUDIO_CONEXAO";"";"";"";"749001476557";"ULTRA";"";"";"2,9";"";"BL 500M SINGLE OU C/ FONE BWF PON FID";"170054562"
"2023-11-27 00:00:00";"0";"BANDA LARGA FIXA";"VIRTUA 250 MB";"CLRZ";"202311";"t";"304,21";"0";"FT_COMISSIONAMENTO";"";"OK";"104.9";"''";"P2";"AUDIO_CONEXAO";"";"";"";"996375240392";"ULTRA";"";"";"2,9";"";"BL 250M SINGLE OU C/ FONE FID";"170054562"
"2023-11-25 00:00:00";"0";"BANDA LARGA FIXA";"VIRTUA 500 MB";"CLRZ";"202311";"t";"314,67";"0";"FT_COMISSIONAMENTO";"";"OK";"104.89";"''";"P2";"AUDIO_CONEXAO";"";"";"";"213001137658";"ULTRA";"";"";"3";"";"BL 500M SINGLE/FONE AQS BS BWF PON FID";"170054562"
"2023-11-21 00:00:00";"0";"BANDA LARGA FIXA";"VIRTUA 500 MB";"CLRZ";"202311";"t";"314,67";"0";"FT_COMISSIONAMENTO";"";"OK";"104.89";"''";"P2";"AUDIO_CONEXAO";"";"";"";"089341571899";"ULTRA";"";"";"3";"";"BL 500M SINGLE OU C/ FONE AQS BS FID";"170054562"
"2023-11-21 00:00:00";"0";"BANDA LARGA FIXA";"VIRTUA 500 MB";"CLRZ";"202311";"t";"314,7";"0";"FT_COMISSIONAMENTO";"";"OK";"104.9";"''";"P2";"AUDIO_CONEXAO";"";"";"";"091380447938";"ULTRA";"";"";"3";"";"BL 500M SINGLE OU C/ FONE FID";"170054562"
"2023-11-20 00:00:00";"0";"BANDA LARGA FIXA";"VIRTUA 350 MB";"CLRZ";"202311";"t";"275,21";"0";"FT_COMISSIONAMENTO";"";"OK";"94.9";"''";"P2";"AUDIO_CONEXAO";"";"";"";"131001001768";"ULTRA";"";"";"2,9";"";"BL 350M EMP PME EXC CNPJ PON FID";"170054562"
"2023-11-23 00:00:00";"0";"BANDA LARGA FIXA";"VIRTUA 500 MB";"CLRZ";"202311";"t";"314,67";"0";"FT_COMISSIONAMENTO";"";"OK";"104.89";"''";"P2";"AUDIO_CONEXAO";"";"";"";"213001137186";"ULTRA";"";"";"3";"";"BL 500M SINGLE/FONE AQS BS BWF PON FID";"170054562"
"2023-11-23 00:00:00";"0";"BANDA LARGA FIXA";"VIRTUA 500 MB";"CLRZ";"202311";"t";"314,67";"0";"FT_COMISSIONAMENTO";"";"OK";"104.89";"''";"P2";"AUDIO_CONEXAO";"";"";"";"089341572429";"ULTRA";"";"";"3";"";"BL 500M GPLAY 1P/FONE AQS BS PON FID";"170054562"
"2023-11-22 00:00:00";"0";"BANDA LARGA FIXA";"VIRTUA 250 MB";"CLRZ";"202311";"t";"304,18";"0";"FT_COMISSIONAMENTO";"";"OK";"104.89";"''";"P2";"AUDIO_CONEXAO";"";"";"";"088624797277";"ULTRA";"";"";"2,9";"";"BL 250M AQS BS FID";"170054562"
"2023-11-22 00:00:00";"0";"TROCA DE PLANO UR";"EQUIVALENCIA DE PLANO UR";"CLRZ";"202311";"f";"0";"30";"FT_COMISSIONAMENTO";"";"ATIVACAO REALIZADA DENTRO DE 45 DIAS";"0";"''";"P2";"SIM - DOC SOLAR";"";"";"";"093301460625";"ULTRA";"104,9";"0";"2,6";"";"BL 750M GPLAY COMBINADO FID";""
"2023-11-27 00:00:00";"0";"BANDA LARGA FIXA";"VIRTUA 500 MB";"CLRZ";"202311";"t";"314,67";"0";"FT_COMISSIONAMENTO";"";"OK";"104.89";"''";"P2";"AUDIO_CONEXAO";"";"";"";"213001137771";"ULTRA";"";"";"3";"";"BL 500M GPLAY 1P/FONE AQS BS PON FID";"170054562"
"2023-11-27 00:00:00";"0";"BANDA LARGA FIXA";"VIRTUA 500 MB";"CLRZ";"202311";"t";"314,7";"0";"FT_COMISSIONAMENTO";"";"OK";"104.9";"''";"P2";"AUDIO_CONEXAO";"";"";"";"213001137836";"ULTRA";"";"";"3";"";"BL 500M GPLAY 1P/FONE PON FID";"170054562"
"2023-11-06 00:00:00";"0";"BANDA LARGA FIXA";"VIRTUA 125 MB";"CLRZ";"202311";"f";"0";"95";"FT_COMISSIONAMENTO";"";"SEM DOCUMENTACAO";"84.89";"''";"P2";"";"";"";"";"996375231920";"ULTRA";"";"";"3";"";"BL 125M AQS BS FID";""
"2023-11-16 00:00:00";"0";"BANDA LARGA FIXA";"VIRTUA 500 MB";"CLRZ";"202311";"t";"304,18";"0";"FT_COMISSIONAMENTO";"";"OK";"104.89";"''";"P2";"AUDIO_CONEXAO";"";"";"";"531010608878";"ULTRA";"";"";"2,9";"";"BL 500M SINGLE OU C/ FONE AQS BS FID";"170054562"
"2023-11-25 00:00:00";"0";"BANDA LARGA FIXA";"VIRTUA 125 MB";"CLRZ";"202311";"t";"246,21";"0";"FT_COMISSIONAMENTO";"";"OK";"84.9";"''";"P2";"AUDIO_CONEXAO";"";"";"";"086366889762";"ULTRA";"";"";"2,9";"";"BL 125M SINGLE OU C/ FONE BWF PON FID";"170054562"
"2023-11-16 00:00:00";"0";"BANDA LARGA FIXA";"VIRTUA 150 MB";"CLRZ";"202311";"t";"260,71";"0";"FT_COMISSIONAMENTO";"";"OK";"89.9";"''";"P2";"AUDIO_CONEXAO";"";"";"";"749001476158";"ULTRA";"";"";"2,9";"";"BL 150M EMP PME CNPJ PON FID";"170054562"
"2023-11-21 00:00:00";"0";"BANDA LARGA FIXA";"VIRTUA 500 MB";"CLRZ";"202311";"t";"314,67";"0";"FT_COMISSIONAMENTO";"";"OK";"104.89";"''";"P2";"AUDIO_CONEXAO";"";"";"";"213001136880";"ULTRA";"";"";"3";"";"BL 500M SINGLE/FONE AQS BS BWF PON FID";"170054562"
"2023-11-21 00:00:00";"0";"BANDA LARGA FIXA";"VIRTUA 500 MB";"CLRZ";"202311";"t";"314,67";"0";"FT_COMISSIONAMENTO";"";"OK";"104.89";"''";"P2";"AUDIO_CONEXAO";"";"";"";"089341571864";"ULTRA";"";"";"3";"";"BL 500M SINGLE OU C/ FONE AQS BS FID";"170054562"
"2023-11-24 00:00:00";"0";"BANDA LARGA FIXA";"VIRTUA 150 MB";"CLRZ";"202311";"t";"260,71";"0";"FT_COMISSIONAMENTO";"";"OK";"89.9";"''";"P2";"AUDIO_CONEXAO";"";"";"";"088624798389";"ULTRA";"";"";"2,9";"";"BL 150M EMP PME CNPJ FID";"170054562"
"2023-11-18 00:00:00";"0";"BANDA LARGA FIXA";"VIRTUA 500 MB";"CLRZ";"202311";"f";"0";"117";"FT_COMISSIONAMENTO";"";"CANCELAMENTO OCORREU EM ATE 30 DIAS";"0";"''";"P2";"AUDIO_CONEXAO";"";"";"";"213001136481";"ULTRA";"";"";"3";"";"BL 500M GPLAY 1P/FONE AQS BS PON FID";""
"2023-11-27 00:00:00";"0";"BANDA LARGA FIXA";"VIRTUA 300 MB";"CLRZ";"202311";"t";"391,21";"0";"FT_COMISSIONAMENTO";"";"OK";"134.9";"''";"P2";"AUDIO_CONEXAO";"";"";"";"086366894030";"ULTRA";"";"";"2,9";"";"BL 400M EMP PME CNPJ FID";"170054562"
"2023-11-18 00:00:00";"0";"BANDA LARGA FIXA";"VIRTUA 250 MB";"CLRZ";"202311";"t";"304,21";"0";"FT_COMISSIONAMENTO";"";"OK";"104.9";"''";"P2";"AUDIO_CONEXAO";"";"";"";"088624794375";"ULTRA";"";"";"2,9";"";"BL 250M SINGLE OU C/ FONE FID";"170054562"
"2023-11-21 00:00:00";"0";"BANDA LARGA FIXA";"VIRTUA 500 MB";"CLRZ";"202311";"t";"304,18";"0";"FT_COMISSIONAMENTO";"";"OK";"104.89";"''";"P2";"AUDIO_CONEXAO";"";"";"";"868001084763";"ULTRA";"";"";"2,9";"";"BL 500M SINGLE/FONE AQS BS BWF PON FID";"170054562"
"2023-11-21 00:00:00";"0";"BANDA LARGA FIXA";"VIRTUA 500 MB";"CLRZ";"202311";"t";"304,21";"0";"FT_COMISSIONAMENTO";"";"OK";"104.9";"''";"P2";"AUDIO_CONEXAO";"";"";"";"868001085050";"ULTRA";"";"";"2,9";"";"BL 500M SINGLE OU C/ FONE BWF PON FID";"170054562"
"2023-11-28 00:00:00";"0";"FONE FIXO";"FALE ILIMITADO BRASIL TOTAL";"CLRZ";"202311";"t";"87";"0";"FT_COMISSIONAMENTO";"";"OK";"30";"''";"P2";"AUDIO_CONEXAO";"";"";"";"093301455435";"ULTRA";"";"";"2,9";"";"FONE ILIM BR TOT 04";"170047381"
"2023-11-27 00:00:00";"0";"BANDA LARGA FIXA";"VIRTUA 500 MB";"CLRZ";"202311";"t";"314,67";"0";"FT_COMISSIONAMENTO";"";"OK";"104.89";"''";"P2";"AUDIO_CONEXAO";"";"";"";"113001021990";"ULTRA";"";"";"3";"";"BL 500M SINGLE/FONE AQS BS BWF PON FID";"170054562"
"2023-11-23 00:00:00";"0";"BANDA LARGA FIXA";"VIRTUA 500 MB";"CLRZ";"202311";"t";"362,21";"0";"FT_COMISSIONAMENTO";"";"OK";"124.9";"''";"P2";"AUDIO_CONEXAO";"";"";"";"996375238045";"ULTRA";"";"";"2,9";"";"BL 500M GPLAY SEG FID";"170054562"
"2023-11-21 00:00:00";"0";"BANDA LARGA FIXA";"VIRTUA 500 MB";"CLRZ";"202311";"t";"304,18";"0";"FT_COMISSIONAMENTO";"";"OK";"104.89";"''";"P2";"AUDIO_CONEXAO";"";"";"";"749001477219";"ULTRA";"";"";"2,9";"";"BL 500M SINGLE/FONE AQS BS BWF PON FID";"170054562"
"2023-11-22 00:00:00";"0";"BANDA LARGA FIXA";"VIRTUA 350 MB";"CLRZ";"202311";"t";"362,18";"0";"FT_COMISSIONAMENTO";"";"OK";"124.89";"''";"P2";"AUDIO_CONEXAO";"";"";"";"996375237510";"ULTRA";"";"";"2,9";"";"BL 350M GPLAY 1P/FONE AQS BS FID";"170054562"
"2023-11-07 00:00:00";"0";"TROCA DE PLANO UR";"EQUIVALENCIA DE PLANO UR";"CLRZ";"202311";"f";"0";"30";"FT_COMISSIONAMENTO";"";"ATIVACAO REALIZADA DENTRO DE 45 DIAS";"0";"''";"P2";"SIM - DOC SOLAR";"";"";"";"749001474058";"ULTRA";"104,9";"0";"2,6";"";"BL 500M COMBINADO BWF PON FID";""
"2023-11-27 00:00:00";"0";"BANDA LARGA FIXA";"VIRTUA 250 MB";"CLRZ";"202311";"f";"0";"112";"FT_COMISSIONAMENTO";"";"CARROSSEL";"0";"''";"P2";"AUDIO_CONEXAO";"";"";"";"086366893697";"ULTRA";"";"";"3";"";"BL 250M SINGLE/FONE AQS BS BWF PON FID";""
"2023-11-16 00:00:00";"0";"BANDA LARGA FIXA";"VIRTUA 250 MB";"CLRZ";"202311";"t";"304,18";"0";"FT_COMISSIONAMENTO";"";"OK";"104.89";"''";"P2";"AUDIO_CONEXAO";"";"";"";"996375236077";"ULTRA";"";"";"2,9";"";"BL 250M AQS BS FID";"170054562"
"2023-11-16 00:00:00";"0";"BANDA LARGA FIXA";"VIRTUA 125 MB";"CLRZ";"202311";"t";"246,18";"0";"FT_COMISSIONAMENTO";"";"OK";"84.89";"''";"P2";"AUDIO_CONEXAO";"";"";"";"996375234538";"ULTRA";"";"";"2,9";"";"BL 125M AQS BS FID";"170054562"
"2023-11-23 00:00:00";"0";"BANDA LARGA FIXA";"VIRTUA 500 MB";"CLRZ";"202311";"t";"304,18";"0";"FT_COMISSIONAMENTO";"";"OK";"104.89";"''";"P2";"AUDIO_CONEXAO";"";"";"";"868001085271";"ULTRA";"";"";"2,9";"";"BL 500M SINGLE/FONE AQS BS BWF PON FID";"170054562"
"2023-11-30 00:00:00";"0";"AGREGADOS";"PONTO ULTRA";"CLRZ";"202311";"t";"7,5";"0";"FT_COMISSIONAMENTO";"";"OK";"0";"''";"P2";"AUDIO_CONEXAO";"";"";"";"996375223714";"ULTRA";"";"";"";"";"PONTO ULTRA";"170054562"
"2023-11-27 00:00:00";"0";"FONE FIXO";"FONE EMP FI BRASIL TOTAL";"CLRZ";"202311";"t";"87";"0";"FT_COMISSIONAMENTO";"";"OK";"30";"''";"P2";"AUDIO_CONEXAO";"";"";"";"334001009619";"ULTRA";"";"";"2,9";"";"FONE ILIM BR TOT 1L EMP PME PON 30";"170047381"
"2023-11-30 00:00:00";"0";"BANDA LARGA FIXA";"VIRTUA 350 MB";"CLRZ";"202311";"t";"284,7";"0";"FT_COMISSIONAMENTO";"";"OK";"94.9";"''";"P2";"AUDIO_CONEXAO";"";"";"";"570001048040";"ULTRA";"";"";"3";"";"BL 350M EMP PME EXC CNPJ PON FID";"170054562"
"2023-11-16 00:00:00";"0";"BANDA LARGA FIXA";"VIRTUA 500 MB";"CLRZ";"202311";"t";"362,18";"0";"FT_COMISSIONAMENTO";"";"OK";"124.89";"''";"P2";"AUDIO_CONEXAO";"";"";"";"379001255141";"ULTRA";"";"";"2,9";"";"BL 500M SINGLE/FONE AQS BS BWF PON FID";"170054562"
"2023-08-04 00:00:00";"0";"TV";"CLARO TV MAIS BOX";"CLRZ";"202311";"t";"117";"0";"PAGAR_3";"";"OK";"104.9";"''";"P2";"";"";"";"";"021188343721";"ULTRA";"";"";"2,8";"";"CLARO STREAMING HD TVMAIS TOP VOZ FID";"170054562"
"2023-11-24 00:00:00";"0";"BANDA LARGA FIXA";"VIRTUA 500 MB";"CLRZ";"202311";"t";"314,67";"0";"FT_COMISSIONAMENTO";"";"OK";"104.89";"''";"P2";"AUDIO_CONEXAO";"";"";"";"213001137526";"ULTRA";"";"";"3";"";"BL 500M SINGLE/FONE AQS BS BWF PON FID";"170054562"
"2023-11-18 00:00:00";"0";"BANDA LARGA FIXA";"VIRTUA 125 MB";"CLRZ";"202311";"t";"246,21";"0";"FT_COMISSIONAMENTO";"";"OK";"84.9";"''";"P2";"AUDIO_CONEXAO";"";"";"";"996375236255";"ULTRA";"";"";"2,9";"";"BL 125M COMBINADO BWF PON FID";"170054562"
"2023-11-21 00:00:00";"0";"FONE FIXO";"FALE ILIMITADO BRASIL TOTAL";"CLRZ";"202311";"t";"87";"0";"FT_COMISSIONAMENTO";"";"OK";"30";"''";"P2";"AUDIO_CONEXAO";"";"";"";"068001176076";"ULTRA";"";"";"2,9";"";"FONE ILIM BR TOT BWF PON04";"170047381"
"2023-11-27 00:00:00";"0";"BANDA LARGA FIXA";"VIRTUA 500 MB";"CLRZ";"202311";"t";"304,18";"0";"FT_COMISSIONAMENTO";"";"OK";"104.89";"''";"P2";"AUDIO_CONEXAO";"";"";"";"749001478274";"ULTRA";"";"";"2,9";"";"BL 500M SINGLE/FONE AQS BS BWF PON FID";"170054562"
"2023-11-30 00:00:00";"0";"BANDA LARGA FIXA";"VIRTUA 500 MB";"CLRZ";"202311";"t";"304,18";"0";"FT_COMISSIONAMENTO";"";"OK";"104.89";"''";"P2";"AUDIO_CONEXAO";"";"";"";"749001478959";"ULTRA";"";"";"2,9";"";"BL 500M SINGLE/FONE AQS BS BWF PON FID";"170054562"
"2023-11-24 00:00:00";"0";"FONE FIXO";"FALE ILIMITADO BRASIL TOTAL";"CLRZ";"202311";"t";"87";"0";"FT_COMISSIONAMENTO";"";"OK";"30";"''";"P2";"AUDIO_CONEXAO";"";"";"";"570001047885";"ULTRA";"";"";"2,9";"";"FONE ILIM BR TOT BWF PON04";"170047381"
"2023-11-24 00:00:00";"0";"BANDA LARGA FIXA";"VIRTUA 350 MB";"CLRZ";"202311";"t";"304,21";"0";"FT_COMISSIONAMENTO";"";"OK";"104.9";"''";"P2";"AUDIO_CONEXAO";"";"";"";"851001155920";"ULTRA";"";"";"2,9";"";"BL 350M GPLAY 1P/FONE PON FID";"170054562"
"2023-11-24 00:00:00";"0";"BANDA LARGA FIXA";"VIRTUA 350 MB";"CLRZ";"202311";"f";"0";"112";"FT_COMISSIONAMENTO";"";"CARROSSEL";"0";"''";"P2";"AUDIO_CONEXAO";"";"";"";"278001828515";"ULTRA";"";"";"3";"";"BL 350M SINGLE OU C/ FONE FID";""
"2023-11-23 00:00:00";"0";"BANDA LARGA FIXA";"VIRTUA 500 MB";"CLRZ";"202311";"t";"314,67";"0";"FT_COMISSIONAMENTO";"";"OK";"104.89";"''";"P2";"AUDIO_CONEXAO";"";"";"";"570001047800";"ULTRA";"";"";"3";"";"BL 500M SINGLE/FONE AQS BS BWF PON FID";"170054562"
"2023-11-21 00:00:00";"0";"BANDA LARGA FIXA";"VIRTUA 500 MB";"CLRZ";"202311";"t";"314,7";"0";"FT_COMISSIONAMENTO";"";"OK";"104.9";"''";"P2";"AUDIO_CONEXAO";"";"";"";"068001176076";"ULTRA";"";"";"3";"";"BL 500M SINGLE OU C/ FONE BWF PON FID";"170054562"
"2023-11-21 00:00:00";"0";"BANDA LARGA FIXA";"VIRTUA 500 MB";"CLRZ";"202311";"t";"314,67";"0";"FT_COMISSIONAMENTO";"";"OK";"104.89";"''";"P2";"AUDIO_CONEXAO";"";"";"";"334001016054";"ULTRA";"";"";"3";"";"BL 500M SINGLE/FONE AQS BS BWF PON FID";"170054562"
"2023-11-18 00:00:00";"0";"BANDA LARGA FIXA";"VIRTUA 125 MB";"CLRZ";"202311";"t";"246,21";"0";"FT_COMISSIONAMENTO";"";"OK";"84.9";"''";"P2";"AUDIO_CONEXAO";"";"";"";"379001255230";"ULTRA";"";"";"2,9";"";"BL 125M SINGLE OU C/ FONE BWF PON FID";"170054562"
"2023-11-23 00:00:00";"0";"BANDA LARGA FIXA";"VIRTUA 500 MB";"CLRZ";"202311";"t";"434,7";"0";"FT_COMISSIONAMENTO";"";"OK";"144.9";"''";"P2";"AUDIO_CONEXAO";"";"";"";"093301462113";"ULTRA";"";"";"3";"";"BL 500M SINGLE OU C/ FONE FID";"170054562"
"2023-11-21 00:00:00";"0";"BANDA LARGA FIXA";"VIRTUA 500 MB";"CLRZ";"202311";"t";"304,18";"0";"FT_COMISSIONAMENTO";"";"OK";"104.89";"''";"P2";"AUDIO_CONEXAO";"";"";"";"604001005807";"ULTRA";"";"";"2,9";"";"BL 500M GPLAY 1P/FONE AQS BS PON FID";"170054562"
"2023-11-20 00:00:00";"0";"BANDA LARGA FIXA";"VIRTUA 500 MB";"CLRZ";"202311";"f";"0";"95";"FT_COMISSIONAMENTO";"";"SEM DOCUMENTACAO";"124.89";"''";"P2";"";"";"";"";"851001155652";"ULTRA";"";"";"3";"";"BL 500M SINGLE/FONE AQS BS BWF PON FID";""
"2023-11-29 00:00:00";"0";"COMISSOES ADICIONAIS";"BONUS META PAP INDIRETO";"CLRZ";"202311";"t";"52,44";"0";"BONUS META PAP INDIRETO";"";"OK";"104.89";"''";"P2";"AUDIO_CONEXAO";"";"";"";"749001478754";"ULTRA";"";"";",5";"";"VIRTUA 500 MB";"170054562"
"2023-11-08 00:00:00";"0";"COMISSOES ADICIONAIS";"BONUS META PAP INDIRETO";"CLRZ";"202311";"t";"42,44";"0";"BONUS META PAP INDIRETO";"";"OK";"84.89";"''";"P2";"AUDIO_CONEXAO";"";"";"";"213001135221";"ULTRA";"";"";",5";"";"VIRTUA 125 MB";"170054562"
"2023-11-17 00:00:00";"0";"COMISSOES ADICIONAIS";"BONUS META PAP INDIRETO";"CLRZ";"202311";"t";"52,44";"0";"BONUS META PAP INDIRETO";"";"OK";"104.89";"''";"P2";"AUDIO_CONEXAO";"";"";"";"278001826180";"ULTRA";"";"";",5";"";"VIRTUA 350 MB";"170054562"
"2023-11-17 00:00:00";"0";"COMISSOES ADICIONAIS";"BONUS META PAP INDIRETO";"CLRZ";"202311";"t";"52,45";"0";"BONUS META PAP INDIRETO";"";"OK";"104.9";"''";"P2";"AUDIO_CONEXAO";"";"";"";"213001136392";"ULTRA";"";"";",5";"";"VIRTUA 500 MB";"170054562"
"2023-11-17 00:00:00";"0";"COMISSOES ADICIONAIS";"BONUS META PAP INDIRETO";"CLRZ";"202311";"t";"52,44";"0";"BONUS META PAP INDIRETO";"";"OK";"104.89";"''";"P2";"AUDIO_CONEXAO";"";"";"";"213001136309";"ULTRA";"";"";",5";"";"VIRTUA 500 MB";"170054562"
"2023-11-17 00:00:00";"0";"COMISSOES ADICIONAIS";"BONUS META PAP INDIRETO";"CLRZ";"202311";"t";"72,4";"0";"BONUS META PAP INDIRETO";"";"OK";"144.8";"''";"P2";"AUDIO_CONEXAO";"";"";"";"749001476646";"ULTRA";"";"";",5";"";"VIRTUA 500 MB";"170054562"
"2023-11-17 00:00:00";"0";"COMISSOES ADICIONAIS";"BONUS META PAP INDIRETO";"CLRZ";"202311";"t";"52,45";"0";"BONUS META PAP INDIRETO";"";"OK";"104.9";"''";"P2";"AUDIO_CONEXAO";"";"";"";"749001476557";"ULTRA";"";"";",5";"";"VIRTUA 500 MB";"170054562"
"2023-11-28 00:00:00";"0";"COMISSOES ADICIONAIS";"BONUS META PAP INDIRETO";"CLRZ";"202311";"t";"52,44";"0";"BONUS META PAP INDIRETO";"";"OK";"104.89";"''";"P2";"AUDIO_CONEXAO";"";"";"";"749001478665";"ULTRA";"";"";",5";"";"VIRTUA 500 MB";"170054562"
"2023-11-28 00:00:00";"0";"COMISSOES ADICIONAIS";"BONUS META PAP INDIRETO";"CLRZ";"202311";"t";"52,44";"0";"BONUS META PAP INDIRETO";"";"OK";"104.89";"''";"P2";"AUDIO_CONEXAO";"";"";"";"749001478460";"ULTRA";"";"";",5";"";"VIRTUA 500 MB";"170054562"
"2023-11-18 00:00:00";"0";"COMISSOES ADICIONAIS";"BONUS META PAP INDIRETO";"CLRZ";"202311";"t";"62,45";"0";"BONUS META PAP INDIRETO";"";"OK";"124.9";"''";"P2";"AUDIO_CONEXAO";"";"";"";"996375236255";"ULTRA";"";"";",5";"";"CLARO TV MAIS 4K BLACK FRIDAY";"170054562"
"2023-11-22 00:00:00";"0";"COMISSOES ADICIONAIS";"BONUS META PAP INDIRETO";"CLRZ";"202311";"t";"42,44";"0";"BONUS META PAP INDIRETO";"";"OK";"84.89";"''";"P2";"AUDIO_CONEXAO";"";"";"";"089341571830";"ULTRA";"";"";",5";"";"VIRTUA 125 MB";"170054562"
"2023-11-14 00:00:00";"0";"COMISSOES ADICIONAIS";"BONUS META PAP INDIRETO";"CLRZ";"202311";"t";"67,45";"0";"BONUS META PAP INDIRETO";"";"OK";"134.9";"''";"P2";"AUDIO_CONEXAO";"";"";"";"088624791228";"ULTRA";"";"";",5";"";"VIRTUA 300 MB";"170054562"
"2023-11-30 00:00:00";"0";"COMISSOES ADICIONAIS";"REMUNERACAO FIXA BANDA LARGA FIXA";"CLRZ";"202311";"t";"1741,3";"0";"REMUNERCAO FIXA PAP_INDIRETO";"";"OK";"1800";"''";"P2";"";"";"";"";"";"ULTRA";"";"";"";"";"";"170054562"
"2023-11-30 00:00:00";"0";"COMISSOES ADICIONAIS";"REMUNERACAO FIXA TV";"CLRZ";"202311";"t";"58,69";"0";"REMUNERCAO FIXA PAP_INDIRETO";"";"OK";"1800";"''";"P2";"";"";"";"";"";"ULTRA";"";"";"";"";"";"170054562"
"2023-11-23 00:00:00";"0";"COMISSOES ADICIONAIS";"BONUS META PAP INDIRETO";"CLRZ";"202311";"t";"52,44";"0";"BONUS META PAP INDIRETO";"";"OK";"104.89";"''";"P2";"AUDIO_CONEXAO";"";"";"";"868001085271";"ULTRA";"";"";",5";"";"VIRTUA 500 MB";"170054562"
"2023-11-23 00:00:00";"0";"COMISSOES ADICIONAIS";"BONUS META PAP INDIRETO";"CLRZ";"202311";"t";"52,44";"0";"BONUS META PAP INDIRETO";"";"OK";"104.89";"''";"P2";"AUDIO_CONEXAO";"";"";"";"213001137186";"ULTRA";"";"";",5";"";"VIRTUA 500 MB";"170054562"
"2023-11-23 00:00:00";"0";"COMISSOES ADICIONAIS";"BONUS META PAP INDIRETO";"CLRZ";"202311";"t";"52,44";"0";"BONUS META PAP INDIRETO";"";"OK";"104.89";"''";"P2";"AUDIO_CONEXAO";"";"";"";"089341572429";"ULTRA";"";"";",5";"";"VIRTUA 500 MB";"170054562"
"2023-11-18 00:00:00";"0";"COMISSOES ADICIONAIS";"BONUS META PAP INDIRETO";"CLRZ";"202311";"t";"52,45";"0";"BONUS META PAP INDIRETO";"";"OK";"104.9";"''";"P2";"AUDIO_CONEXAO";"";"";"";"213001136465";"ULTRA";"";"";",5";"";"VIRTUA 500 MB";"170054562"
"2023-11-18 00:00:00";"0";"COMISSOES ADICIONAIS";"BONUS META PAP INDIRETO";"CLRZ";"202311";"t";"52,45";"0";"BONUS META PAP INDIRETO";"";"OK";"104.9";"''";"P2";"AUDIO_CONEXAO";"";"";"";"213001136473";"ULTRA";"";"";",5";"";"VIRTUA 500 MB";"170054562"
"2023-11-11 00:00:00";"0";"COMISSOES ADICIONAIS";"BONUS META PAP INDIRETO";"CLRZ";"202311";"t";"52,44";"0";"BONUS META PAP INDIRETO";"";"OK";"104.89";"''";"P2";"AUDIO_CONEXAO";"";"";"";"093301461796";"ULTRA";"";"";",5";"";"VIRTUA 250 MB";"170054562"
"2023-11-01 00:00:00";"0";"COMISSOES ADICIONAIS";"BONUS META PAP INDIRETO";"CLRZ";"202311";"t";"42,45";"0";"BONUS META PAP INDIRETO";"";"OK";"84.9";"''";"P2";"AUDIO_CONEXAO";"";"";"";"531010608100";"ULTRA";"";"";",5";"";"VIRTUA 125 MB";"170054562"
"2023-11-08 00:00:00";"0";"COMISSOES ADICIONAIS";"BONUS META PAP INDIRETO";"CLRZ";"202311";"t";"52,45";"0";"BONUS META PAP INDIRETO";"";"OK";"104.9";"''";"P2";"AUDIO_CONEXAO";"";"";"";"089341570108";"ULTRA";"";"";",5";"";"VIRTUA 500 MB";"170054562"
"2023-11-08 00:00:00";"0";"COMISSOES ADICIONAIS";"BONUS META PAP INDIRETO";"CLRZ";"202311";"t";"72,45";"0";"BONUS META PAP INDIRETO";"";"OK";"144.9";"''";"P2";"AUDIO_CONEXAO";"";"";"";"086366882040";"ULTRA";"";"";",5";"";"VIRTUA 500 MB";"170054562"
"2023-11-06 00:00:00";"0";"COMISSOES ADICIONAIS";"BONUS META PAP INDIRETO";"CLRZ";"202311";"t";"52,44";"0";"BONUS META PAP INDIRETO";"";"OK";"104.89";"''";"P2";"AUDIO_CONEXAO";"";"";"";"996375231946";"ULTRA";"";"";",5";"";"VIRTUA 250 MB";"170054562"
"2023-11-24 00:00:00";"0";"COMISSOES ADICIONAIS";"BONUS META PAP INDIRETO";"CLRZ";"202311";"t";"52,45";"0";"BONUS META PAP INDIRETO";"";"OK";"104.9";"''";"P2";"AUDIO_CONEXAO";"";"";"";"086366887158";"ULTRA";"";"";",5";"";"CLARO TV MAIS BOX";"170054562"
"2023-11-10 00:00:00";"0";"COMISSOES ADICIONAIS";"BONUS META PAP INDIRETO";"CLRZ";"202311";"t";"52,44";"0";"BONUS META PAP INDIRETO";"";"OK";"104.89";"''";"P2";"AUDIO_CONEXAO";"";"";"";"278001825869";"ULTRA";"";"";",5";"";"VIRTUA 350 MB";"170054562"
"2023-11-10 00:00:00";"0";"COMISSOES ADICIONAIS";"BONUS META PAP INDIRETO";"CLRZ";"202311";"t";"52,45";"0";"BONUS META PAP INDIRETO";"";"OK";"104.9";"''";"P2";"AUDIO_CONEXAO";"";"";"";"213001135531";"ULTRA";"";"";",5";"";"VIRTUA 500 MB";"170054562"
"2023-11-30 00:00:00";"0";"COMISSOES ADICIONAIS";"BONUS META PAP INDIRETO";"CLRZ";"202311";"t";"52,44";"0";"BONUS META PAP INDIRETO";"";"OK";"104.89";"''";"P2";"AUDIO_CONEXAO";"";"";"";"088624804435";"ULTRA";"";"";",5";"";"VIRTUA 250 MB";"170054562"
"2023-11-01 00:00:00";"0";"COMISSOES ADICIONAIS";"BONUS META PAP INDIRETO";"CLRZ";"202311";"t";"42,44";"0";"BONUS META PAP INDIRETO";"";"OK";"84.89";"''";"P2";"AUDIO_CONEXAO";"";"";"";"996375230338";"ULTRA";"";"";",5";"";"VIRTUA 125 MB";"170054562"
"2023-11-01 00:00:00";"0";"COMISSOES ADICIONAIS";"BONUS META PAP INDIRETO";"CLRZ";"202311";"t";"52,45";"0";"BONUS META PAP INDIRETO";"";"OK";"104.9";"''";"P2";"AUDIO_CONEXAO";"";"";"";"996375229844";"ULTRA";"";"";",5";"";"VIRTUA 250 MB";"170054562"
"2023-11-06 00:00:00";"0";"COMISSOES ADICIONAIS";"BONUS META PAP INDIRETO";"CLRZ";"202311";"t";"52,45";"0";"BONUS META PAP INDIRETO";"";"OK";"104.9";"''";"P2";"AUDIO_CONEXAO";"";"";"";"996375073402";"ULTRA";"";"";",5";"";"CLARO TV MAIS BOX";"170054562"
"2023-11-06 00:00:00";"0";"COMISSOES ADICIONAIS";"BONUS META PAP INDIRETO";"CLRZ";"202311";"t";"52,45";"0";"BONUS META PAP INDIRETO";"";"OK";"104.9";"''";"P2";"AUDIO_CONEXAO";"";"";"";"996374918450";"ULTRA";"";"";",5";"";"CLARO TV MAIS BOX";"170054562"
"2023-11-04 00:00:00";"0";"COMISSOES ADICIONAIS";"BONUS META PAP INDIRETO";"CLRZ";"202311";"t";"52,45";"0";"BONUS META PAP INDIRETO";"";"OK";"104.9";"''";"P2";"AUDIO_CONEXAO";"";"";"";"749001474058";"ULTRA";"";"";",5";"";"VIRTUA 500 MB";"170054562"
"2023-11-28 00:00:00";"0";"COMISSOES ADICIONAIS";"BONUS META PAP INDIRETO";"CLRZ";"202311";"t";"52,44";"0";"BONUS META PAP INDIRETO";"";"OK";"104.89";"''";"P2";"AUDIO_CONEXAO";"";"";"";"213001137941";"ULTRA";"";"";",5";"";"VIRTUA 500 MB";"170054562"
"2023-11-28 00:00:00";"0";"COMISSOES ADICIONAIS";"BONUS META PAP INDIRETO";"CLRZ";"202311";"t";"52,44";"0";"BONUS META PAP INDIRETO";"";"OK";"104.89";"''";"P2";"AUDIO_CONEXAO";"";"";"";"213001137844";"ULTRA";"";"";",5";"";"VIRTUA 500 MB";"170054562"
"2023-11-28 00:00:00";"0";"COMISSOES ADICIONAIS";"BONUS META PAP INDIRETO";"CLRZ";"202311";"t";"52,44";"0";"BONUS META PAP INDIRETO";"";"OK";"104.89";"''";"P2";"AUDIO_CONEXAO";"";"";"";"213001137755";"ULTRA";"";"";",5";"";"VIRTUA 500 MB";"170054562"
"2023-11-28 00:00:00";"0";"COMISSOES ADICIONAIS";"BONUS META PAP INDIRETO";"CLRZ";"202311";"t";"52,44";"0";"BONUS META PAP INDIRETO";"";"OK";"104.89";"''";"P2";"AUDIO_CONEXAO";"";"";"";"213001137801";"ULTRA";"";"";",5";"";"VIRTUA 500 MB";"170054562"
"2023-11-29 00:00:00";"0";"COMISSOES ADICIONAIS";"BONUS META PAP INDIRETO";"CLRZ";"202311";"t";"52,45";"0";"BONUS META PAP INDIRETO";"";"OK";"104.9";"''";"P2";"AUDIO_CONEXAO";"";"";"";"213001138107";"ULTRA";"";"";",5";"";"VIRTUA 500 MB";"170054562"
"2023-11-29 00:00:00";"0";"COMISSOES ADICIONAIS";"BONUS META PAP INDIRETO";"CLRZ";"202311";"t";"52,44";"0";"BONUS META PAP INDIRETO";"";"OK";"104.89";"''";"P2";"AUDIO_CONEXAO";"";"";"";"213001138034";"ULTRA";"";"";",5";"";"VIRTUA 500 MB";"170054562"
"2023-11-29 00:00:00";"0";"COMISSOES ADICIONAIS";"BONUS META PAP INDIRETO";"CLRZ";"202311";"t";"52,44";"0";"BONUS META PAP INDIRETO";"";"OK";"104.89";"''";"P2";"AUDIO_CONEXAO";"";"";"";"213001138301";"ULTRA";"";"";",5";"";"VIRTUA 500 MB";"170054562"
"2023-11-08 00:00:00";"0";"COMISSOES ADICIONAIS";"BONUS META PAP INDIRETO";"CLRZ";"202311";"t";"52,45";"0";"BONUS META PAP INDIRETO";"";"OK";"104.9";"''";"P2";"AUDIO_CONEXAO";"";"";"";"203001362850";"ULTRA";"";"";",5";"";"VIRTUA 250 MB";"170054562"
"2023-11-08 00:00:00";"0";"COMISSOES ADICIONAIS";"BONUS META PAP INDIRETO";"CLRZ";"202311";"t";"52,44";"0";"BONUS META PAP INDIRETO";"";"OK";"104.89";"''";"P2";"AUDIO_CONEXAO";"";"";"";"203001362907";"ULTRA";"";"";",5";"";"VIRTUA 350 MB";"170054562"
"2023-11-08 00:00:00";"0";"COMISSOES ADICIONAIS";"BONUS META PAP INDIRETO";"CLRZ";"202311";"t";"52,45";"0";"BONUS META PAP INDIRETO";"";"OK";"104.9";"''";"P2";"AUDIO_CONEXAO";"";"";"";"749001474058";"ULTRA";"";"";",5";"";"CLARO TV MAIS BOX";"170054562"
"2023-11-10 00:00:00";"0";"COMISSOES ADICIONAIS";"BONUS META PAP INDIRETO";"CLRZ";"202311";"t";"52,44";"0";"BONUS META PAP INDIRETO";"";"OK";"104.89";"''";"P2";"AUDIO_CONEXAO";"";"";"";"068001175037";"ULTRA";"";"";",5";"";"VIRTUA 500 MB";"170054562"
"2023-11-10 00:00:00";"0";"COMISSOES ADICIONAIS";"BONUS META PAP INDIRETO";"CLRZ";"202311";"t";"52,44";"0";"BONUS META PAP INDIRETO";"";"OK";"104.89";"''";"P2";"AUDIO_CONEXAO";"";"";"";"996375233345";"ULTRA";"";"";",5";"";"VIRTUA 250 MB";"170054562"
"2023-11-10 00:00:00";"0";"COMISSOES ADICIONAIS";"BONUS META PAP INDIRETO";"CLRZ";"202311";"t";"44,95";"0";"BONUS META PAP INDIRETO";"";"OK";"89.9";"''";"P2";"AUDIO_CONEXAO";"";"";"";"437001433546";"ULTRA";"";"";",5";"";"VIRTUA 150 MB";"170054562"
"2023-11-14 00:00:00";"0";"COMISSOES ADICIONAIS";"BONUS META PAP INDIRETO";"CLRZ";"202311";"t";"52,44";"0";"BONUS META PAP INDIRETO";"";"OK";"104.89";"''";"P2";"AUDIO_CONEXAO";"";"";"";"278001826369";"ULTRA";"";"";",5";"";"VIRTUA 350 MB";"170054562"
"2023-11-14 00:00:00";"0";"COMISSOES ADICIONAIS";"BONUS META PAP INDIRETO";"CLRZ";"202311";"t";"52,44";"0";"BONUS META PAP INDIRETO";"";"OK";"104.89";"''";"P2";"AUDIO_CONEXAO";"";"";"";"213001135930";"ULTRA";"";"";",5";"";"VIRTUA 500 MB";"170054562"
"2023-11-10 00:00:00";"0";"COMISSOES ADICIONAIS";"BONUS META PAP INDIRETO";"CLRZ";"202311";"t";"42,45";"0";"BONUS META PAP INDIRETO";"";"OK";"84.9";"''";"P2";"AUDIO_CONEXAO";"";"";"";"996371450082";"ULTRA";"";"";",5";"";"VIRTUA 250 MB";"170054562"
"2023-11-10 00:00:00";"0";"COMISSOES ADICIONAIS";"BONUS META PAP INDIRETO";"CLRZ";"202311";"t";"52,45";"0";"BONUS META PAP INDIRETO";"";"OK";"104.9";"''";"P2";"AUDIO_CONEXAO";"";"";"";"086366884116";"ULTRA";"";"";",5";"";"VIRTUA 250 MB";"170054562"
"2023-11-21 00:00:00";"0";"COMISSOES ADICIONAIS";"BONUS META PAP INDIRETO";"CLRZ";"202311";"t";"52,44";"0";"BONUS META PAP INDIRETO";"";"OK";"104.89";"''";"P2";"AUDIO_CONEXAO";"";"";"";"749001477219";"ULTRA";"";"";",5";"";"VIRTUA 500 MB";"170054562"
"2023-11-22 00:00:00";"0";"COMISSOES ADICIONAIS";"BONUS META PAP INDIRETO";"CLRZ";"202311";"t";"52,44";"0";"BONUS META PAP INDIRETO";"";"OK";"104.89";"''";"P2";"AUDIO_CONEXAO";"";"";"";"749001477405";"ULTRA";"";"";",5";"";"VIRTUA 500 MB";"170054562"
"2023-11-22 00:00:00";"0";"COMISSOES ADICIONAIS";"BONUS META PAP INDIRETO";"CLRZ";"202311";"t";"52,45";"0";"BONUS META PAP INDIRETO";"";"OK";"104.9";"''";"P2";"AUDIO_CONEXAO";"";"";"";"749001477448";"ULTRA";"";"";",5";"";"VIRTUA 500 MB";"170054562"
"2023-11-22 00:00:00";"0";"COMISSOES ADICIONAIS";"BONUS META PAP INDIRETO";"CLRZ";"202311";"t";"52,44";"0";"BONUS META PAP INDIRETO";"";"OK";"104.89";"''";"P2";"AUDIO_CONEXAO";"";"";"";"749001477308";"ULTRA";"";"";",5";"";"VIRTUA 500 MB";"170054562"
"2023-03-28 00:00:00";"0";"DEVOLUCAO EST UR";"BONUS TV";"CLRZ";"202311";"t";"26,22";"0";"DEV EST INADIMPLENCIA";"2023-03-28 00:00:00";"OK";"0";"''";"P2";"";"";"";"";"996375140940";"ULTRA";"";"";",5";"";"CLARO TV MAIS BOX";"170054562"
"2023-11-01 00:00:00";"0";"COMISSOES ADICIONAIS";"BONUS META PAP INDIRETO";"CLRZ";"202311";"t";"52,45";"0";"BONUS META PAP INDIRETO";"";"OK";"104.9";"''";"P2";"AUDIO_CONEXAO";"";"";"";"091380444238";"ULTRA";"";"";",5";"";"VIRTUA 350 MB";"170054562"
"2023-11-04 00:00:00";"0";"COMISSOES ADICIONAIS";"BONUS META PAP INDIRETO";"CLRZ";"202311";"t";"52,45";"0";"BONUS META PAP INDIRETO";"";"OK";"104.9";"''";"P2";"AUDIO_CONEXAO";"";"";"";"593001010914";"ULTRA";"";"";",5";"";"VIRTUA 500 MB";"170054562"
"2023-11-04 00:00:00";"0";"COMISSOES ADICIONAIS";"BONUS META PAP INDIRETO";"CLRZ";"202311";"t";"52,45";"0";"BONUS META PAP INDIRETO";"";"OK";"104.9";"''";"P2";"AUDIO_CONEXAO";"";"";"";"531010608320";"ULTRA";"";"";",5";"";"VIRTUA 500 MB";"170054562"
"2023-11-03 00:00:00";"0";"COMISSOES ADICIONAIS";"BONUS META PAP INDIRETO";"CLRZ";"202311";"t";"52,45";"0";"BONUS META PAP INDIRETO";"";"OK";"104.9";"''";"P2";"AUDIO_CONEXAO";"";"";"";"749001473655";"ULTRA";"";"";",5";"";"VIRTUA 500 MB";"170054562"
"2023-11-03 00:00:00";"0";"COMISSOES ADICIONAIS";"BONUS META PAP INDIRETO";"CLRZ";"202311";"t";"52,45";"0";"BONUS META PAP INDIRETO";"";"OK";"104.9";"''";"P2";"AUDIO_CONEXAO";"";"";"";"749001473680";"ULTRA";"";"";",5";"";"VIRTUA 500 MB";"170054562"
"2023-11-30 00:00:00";"0";"COMISSOES ADICIONAIS";"BONUS META PAP INDIRETO";"CLRZ";"202311";"t";"52,44";"0";"BONUS META PAP INDIRETO";"";"OK";"104.89";"''";"P2";"AUDIO_CONEXAO";"";"";"";"088624801282";"ULTRA";"";"";",5";"";"VIRTUA 250 MB";"170054562"
"2023-11-18 00:00:00";"0";"COMISSOES ADICIONAIS";"BONUS META PAP INDIRETO";"CLRZ";"202311";"t";"42,45";"0";"BONUS META PAP INDIRETO";"";"OK";"84.9";"''";"P2";"AUDIO_CONEXAO";"";"";"";"996375236255";"ULTRA";"";"";",5";"";"VIRTUA 125 MB";"170054562"
"2023-11-18 00:00:00";"0";"COMISSOES ADICIONAIS";"BONUS META PAP INDIRETO";"CLRZ";"202311";"t";"42,45";"0";"BONUS META PAP INDIRETO";"";"OK";"84.9";"''";"P2";"AUDIO_CONEXAO";"";"";"";"379001255230";"ULTRA";"";"";",5";"";"VIRTUA 125 MB";"170054562"
"2023-11-20 00:00:00";"0";"COMISSOES ADICIONAIS";"BONUS META PAP INDIRETO";"CLRZ";"202311";"t";"52,44";"0";"BONUS META PAP INDIRETO";"";"OK";"104.89";"''";"P2";"AUDIO_CONEXAO";"";"";"";"506001027779";"ULTRA";"";"";",5";"";"VIRTUA 500 MB";"170054562"
"2023-11-24 00:00:00";"0";"COMISSOES ADICIONAIS";"BONUS META PAP INDIRETO";"CLRZ";"202311";"t";"52,44";"0";"BONUS META PAP INDIRETO";"";"OK";"104.89";"''";"P2";"AUDIO_CONEXAO";"";"";"";"213001137526";"ULTRA";"";"";",5";"";"VIRTUA 500 MB";"170054562"
"2023-11-22 00:00:00";"0";"COMISSOES ADICIONAIS";"BONUS META PAP INDIRETO";"CLRZ";"202311";"t";"52,44";"0";"BONUS META PAP INDIRETO";"";"OK";"104.89";"''";"P2";"AUDIO_CONEXAO";"";"";"";"088624797277";"ULTRA";"";"";",5";"";"VIRTUA 250 MB";"170054562"
"2023-11-01 00:00:00";"0";"COMISSOES ADICIONAIS";"BONUS META PAP INDIRETO";"CLRZ";"202311";"t";"42,44";"0";"BONUS META PAP INDIRETO";"";"OK";"84.89";"''";"P2";"AUDIO_CONEXAO";"";"";"";"996375230303";"ULTRA";"";"";",5";"";"VIRTUA 125 MB";"170054562"
"2023-11-01 00:00:00";"0";"COMISSOES ADICIONAIS";"BONUS META PAP INDIRETO";"CLRZ";"202311";"t";"52,44";"0";"BONUS META PAP INDIRETO";"";"OK";"104.89";"''";"P2";"AUDIO_CONEXAO";"";"";"";"379001254471";"ULTRA";"";"";",5";"";"VIRTUA 350 MB";"170054562"
"2023-11-04 00:00:00";"0";"COMISSOES ADICIONAIS";"BONUS META PAP INDIRETO";"CLRZ";"202311";"t";"72,45";"0";"BONUS META PAP INDIRETO";"";"OK";"144.9";"''";"P2";"AUDIO_CONEXAO";"";"";"";"996375231270";"ULTRA";"";"";",5";"";"VIRTUA 500 MB";"170054562"
"2023-11-04 00:00:00";"0";"COMISSOES ADICIONAIS";"BONUS META PAP INDIRETO";"CLRZ";"202311";"t";"52,44";"0";"BONUS META PAP INDIRETO";"";"OK";"104.89";"''";"P2";"AUDIO_CONEXAO";"";"";"";"213001134802";"ULTRA";"";"";",5";"";"VIRTUA 500 MB";"170054562"
"2023-11-06 00:00:00";"0";"COMISSOES ADICIONAIS";"BONUS META PAP INDIRETO";"CLRZ";"202311";"t";"52,45";"0";"BONUS META PAP INDIRETO";"";"OK";"104.9";"''";"P2";"AUDIO_CONEXAO";"";"";"";"749001474171";"ULTRA";"";"";",5";"";"VIRTUA 500 MB";"170054562"
"2023-11-09 00:00:00";"0";"COMISSOES ADICIONAIS";"BONUS META PAP INDIRETO";"CLRZ";"202311";"t";"52,45";"0";"BONUS META PAP INDIRETO";"";"OK";"104.9";"''";"P2";"AUDIO_CONEXAO";"";"";"";"996375233205";"ULTRA";"";"";",5";"";"VIRTUA 250 MB";"170054562"
"2023-11-13 00:00:00";"0";"COMISSOES ADICIONAIS";"BONUS META PAP INDIRETO";"CLRZ";"202311";"t";"52,44";"0";"BONUS META PAP INDIRETO";"";"OK";"104.89";"''";"P2";"AUDIO_CONEXAO";"";"";"";"531010608762";"ULTRA";"";"";",5";"";"VIRTUA 500 MB";"170054562"
"2023-11-29 00:00:00";"0";"COMISSOES ADICIONAIS";"BONUS META PAP INDIRETO";"CLRZ";"202311";"t";"52,44";"0";"BONUS META PAP INDIRETO";"";"OK";"104.89";"''";"P2";"AUDIO_CONEXAO";"";"";"";"204001006562";"ULTRA";"";"";",5";"";"VIRTUA 500 MB";"170054562"
"2023-11-21 00:00:00";"0";"COMISSOES ADICIONAIS";"BONUS META PAP INDIRETO";"CLRZ";"202311";"t";"52,45";"0";"BONUS META PAP INDIRETO";"";"OK";"104.9";"''";"P2";"AUDIO_CONEXAO";"";"";"";"091380447938";"ULTRA";"";"";",5";"";"VIRTUA 500 MB";"170054562"
"2023-11-24 00:00:00";"0";"COMISSOES ADICIONAIS";"BONUS META PAP INDIRETO";"CLRZ";"202311";"t";"52,44";"0";"BONUS META PAP INDIRETO";"";"OK";"104.89";"''";"P2";"AUDIO_CONEXAO";"";"";"";"086366892925";"ULTRA";"";"";",5";"";"VIRTUA 250 MB";"170054562"
"2023-11-24 00:00:00";"0";"COMISSOES ADICIONAIS";"BONUS META PAP INDIRETO";"CLRZ";"202311";"t";"52,45";"0";"BONUS META PAP INDIRETO";"";"OK";"104.9";"''";"P2";"AUDIO_CONEXAO";"";"";"";"570001047885";"ULTRA";"";"";",5";"";"VIRTUA 500 MB";"170054562"
"2023-11-21 00:00:00";"0";"COMISSOES ADICIONAIS";"BONUS META PAP INDIRETO";"CLRZ";"202311";"t";"52,45";"0";"BONUS META PAP INDIRETO";"";"OK";"104.9";"''";"P2";"AUDIO_CONEXAO";"";"";"";"749001477227";"ULTRA";"";"";",5";"";"VIRTUA 600 MB";"170054562"
"2023-11-21 00:00:00";"0";"COMISSOES ADICIONAIS";"BONUS META PAP INDIRETO";"CLRZ";"202311";"t";"62,5";"0";"BONUS META PAP INDIRETO";"";"OK";"125";"''";"P2";"AUDIO_CONEXAO";"";"";"";"088624795525";"ULTRA";"";"";",5";"";"TV PLUS HD";"170054562"
"2023-11-01 00:00:00";"0";"COMISSOES ADICIONAIS";"BONUS META PAP INDIRETO";"CLRZ";"202311";"t";"42,44";"0";"BONUS META PAP INDIRETO";"";"OK";"84.89";"''";"P2";"AUDIO_CONEXAO";"";"";"";"322001101908";"ULTRA";"";"";",5";"";"VIRTUA 125 MB";"170054562"
"2023-11-08 00:00:00";"0";"COMISSOES ADICIONAIS";"BONUS META PAP INDIRETO";"CLRZ";"202311";"t";"52,44";"0";"BONUS META PAP INDIRETO";"";"OK";"104.89";"''";"P2";"AUDIO_CONEXAO";"";"";"";"091380445749";"ULTRA";"";"";",5";"";"VIRTUA 500 MB";"170054562"
"2023-11-08 00:00:00";"0";"COMISSOES ADICIONAIS";"BONUS META PAP INDIRETO";"CLRZ";"202311";"t";"52,44";"0";"BONUS META PAP INDIRETO";"";"OK";"104.89";"''";"P2";"AUDIO_CONEXAO";"";"";"";"091380445714";"ULTRA";"";"";",5";"";"VIRTUA 500 MB";"170054562"
"2023-11-04 00:00:00";"0";"COMISSOES ADICIONAIS";"BONUS META PAP INDIRETO";"CLRZ";"202311";"t";"44,95";"0";"BONUS META PAP INDIRETO";"";"OK";"89.9";"''";"P2";"AUDIO_CONEXAO";"";"";"";"088624781850";"ULTRA";"";"";",5";"";"VIRTUA 150 MB";"170054562"
"2023-11-04 00:00:00";"0";"COMISSOES ADICIONAIS";"BONUS META PAP INDIRETO";"CLRZ";"202311";"t";"57,45";"0";"BONUS META PAP INDIRETO";"";"OK";"114.9";"''";"P2";"AUDIO_CONEXAO";"";"";"";"213001134853";"ULTRA";"";"";",5";"";"VIRTUA 600 MB";"170054562"
"2023-11-01 00:00:00";"0";"COMISSOES ADICIONAIS";"BONUS META PAP INDIRETO";"CLRZ";"202311";"t";"52,45";"0";"BONUS META PAP INDIRETO";"";"OK";"104.9";"''";"P2";"AUDIO_CONEXAO";"";"";"";"749001473302";"ULTRA";"";"";",5";"";"VIRTUA 500 MB";"170054562"
"2023-11-01 00:00:00";"0";"COMISSOES ADICIONAIS";"BONUS META PAP INDIRETO";"CLRZ";"202311";"t";"52,44";"0";"BONUS META PAP INDIRETO";"";"OK";"104.89";"''";"P2";"AUDIO_CONEXAO";"";"";"";"593001010884";"ULTRA";"";"";",5";"";"VIRTUA 500 MB";"170054562"
"2023-11-16 00:00:00";"0";"COMISSOES ADICIONAIS";"BONUS META PAP INDIRETO";"CLRZ";"202311";"t";"52,44";"0";"BONUS META PAP INDIRETO";"";"OK";"104.89";"''";"P2";"AUDIO_CONEXAO";"";"";"";"531010608878";"ULTRA";"";"";",5";"";"VIRTUA 500 MB";"170054562"
"2023-11-04 00:00:00";"0";"COMISSOES ADICIONAIS";"BONUS META PAP INDIRETO";"CLRZ";"202311";"t";"52,45";"0";"BONUS META PAP INDIRETO";"";"OK";"104.9";"''";"P2";"AUDIO_CONEXAO";"";"";"";"086366880315";"ULTRA";"";"";",5";"";"VIRTUA 250 MB";"170054562"
"2023-11-04 00:00:00";"0";"COMISSOES ADICIONAIS";"BONUS META PAP INDIRETO";"CLRZ";"202311";"t";"42,44";"0";"BONUS META PAP INDIRETO";"";"OK";"84.89";"''";"P2";"AUDIO_CONEXAO";"";"";"";"819001028161";"ULTRA";"";"";",5";"";"VIRTUA 125 MB";"170054562"
"2023-11-03 00:00:00";"0";"COMISSOES ADICIONAIS";"BONUS META PAP INDIRETO";"CLRZ";"202311";"t";"52,45";"0";"BONUS META PAP INDIRETO";"";"OK";"104.9";"''";"P2";"AUDIO_CONEXAO";"";"";"";"819001028420";"ULTRA";"";"";",5";"";"VIRTUA 500 MB";"170054562"
"2023-11-03 00:00:00";"0";"COMISSOES ADICIONAIS";"BONUS META PAP INDIRETO";"CLRZ";"202311";"t";"52,45";"0";"BONUS META PAP INDIRETO";"";"OK";"104.9";"''";"P2";"AUDIO_CONEXAO";"";"";"";"113001020632";"ULTRA";"";"";",5";"";"VIRTUA 500 MB";"170054562"
"2023-11-16 00:00:00";"0";"COMISSOES ADICIONAIS";"BONUS META PAP INDIRETO";"CLRZ";"202311";"t";"44,95";"0";"BONUS META PAP INDIRETO";"";"OK";"89.9";"''";"P2";"AUDIO_CONEXAO";"";"";"";"749001476158";"ULTRA";"";"";",5";"";"VIRTUA 150 MB";"170054562"
"2023-11-14 00:00:00";"0";"COMISSOES ADICIONAIS";"BONUS META PAP INDIRETO";"CLRZ";"202311";"t";"52,45";"0";"BONUS META PAP INDIRETO";"";"OK";"104.9";"''";"P2";"AUDIO_CONEXAO";"";"";"";"996375234708";"ULTRA";"";"";",5";"";"VIRTUA 350 MB";"170054562"
"2023-11-13 00:00:00";"0";"COMISSOES ADICIONAIS";"BONUS META PAP INDIRETO";"CLRZ";"202311";"t";"62,44";"0";"BONUS META PAP INDIRETO";"";"OK";"124.89";"''";"P2";"AUDIO_CONEXAO";"";"";"";"093301461737";"ULTRA";"";"";",5";"";"VIRTUA 350 MB";"170054562"
"2023-11-23 00:00:00";"0";"COMISSOES ADICIONAIS";"BONUS META PAP INDIRETO";"CLRZ";"202311";"t";"52,44";"0";"BONUS META PAP INDIRETO";"";"OK";"104.89";"''";"P2";"AUDIO_CONEXAO";"";"";"";"570001047800";"ULTRA";"";"";",5";"";"VIRTUA 500 MB";"170054562"
"2023-11-24 00:00:00";"0";"COMISSOES ADICIONAIS";"BONUS META PAP INDIRETO";"CLRZ";"202311";"t";"42,44";"0";"BONUS META PAP INDIRETO";"";"OK";"84.89";"''";"P2";"AUDIO_CONEXAO";"";"";"";"996375239017";"ULTRA";"";"";",5";"";"VIRTUA 125 MB";"170054562"
"2023-11-24 00:00:00";"0";"COMISSOES ADICIONAIS";"BONUS META PAP INDIRETO";"CLRZ";"202311";"t";"52,45";"0";"BONUS META PAP INDIRETO";"";"OK";"104.9";"''";"P2";"AUDIO_CONEXAO";"";"";"";"996375238568";"ULTRA";"";"";",5";"";"VIRTUA 250 MB";"170054562"
"2023-11-06 00:00:00";"0";"COMISSOES ADICIONAIS";"BONUS META PAP INDIRETO";"CLRZ";"202311";"t";"52,45";"0";"BONUS META PAP INDIRETO";"";"OK";"104.9";"''";"P2";"AUDIO_CONEXAO";"";"";"";"213001134985";"ULTRA";"";"";",5";"";"VIRTUA 500 MB";"170054562"
"2023-11-06 00:00:00";"0";"COMISSOES ADICIONAIS";"BONUS META PAP INDIRETO";"CLRZ";"202311";"t";"52,45";"0";"BONUS META PAP INDIRETO";"";"OK";"104.9";"''";"P2";"AUDIO_CONEXAO";"";"";"";"089341569266";"ULTRA";"";"";",5";"";"VIRTUA 500 MB";"170054562"
"2023-11-03 00:00:00";"0";"COMISSOES ADICIONAIS";"BONUS META PAP INDIRETO";"CLRZ";"202311";"t";"42,45";"0";"BONUS META PAP INDIRETO";"";"OK";"84.9";"''";"P2";"AUDIO_CONEXAO";"";"";"";"996375231377";"ULTRA";"";"";",5";"";"VIRTUA 125 MB";"170054562"
"2023-11-03 00:00:00";"0";"COMISSOES ADICIONAIS";"BONUS META PAP INDIRETO";"CLRZ";"202311";"t";"42,44";"0";"BONUS META PAP INDIRETO";"";"OK";"84.89";"''";"P2";"AUDIO_CONEXAO";"";"";"";"996375231296";"ULTRA";"";"";",5";"";"VIRTUA 125 MB";"170054562"
"2023-11-15 00:00:00";"0";"COMISSOES ADICIONAIS";"BONUS META PAP INDIRETO";"CLRZ";"202311";"t";"52,45";"0";"BONUS META PAP INDIRETO";"";"OK";"104.9";"''";"P2";"AUDIO_CONEXAO";"";"";"";"213001136082";"ULTRA";"";"";",5";"";"VIRTUA 500 MB";"170054562"
"2023-11-13 00:00:00";"0";"COMISSOES ADICIONAIS";"BONUS META PAP INDIRETO";"CLRZ";"202311";"t";"52,44";"0";"BONUS META PAP INDIRETO";"";"OK";"104.89";"''";"P2";"AUDIO_CONEXAO";"";"";"";"213001135728";"ULTRA";"";"";",5";"";"VIRTUA 500 MB";"170054562"
"2023-04-12 00:00:00";"0";"ESTORNO REFERENTE 09/2023 P2";"VIRTUA 250 MB";"CLRZ";"202311";"t";"-214";"0";"INAD_2_60_OK";"";"OK";"0";"''";"P2";"AUDIO_CONEXAO";"";"";"";"093301452258";"ULTRA";"";"";"3,4";"";"BL 250M SINGLE OU C/ FONE FID";"170054562"
"2023-11-28 00:00:00";"0";"COMISSOES ADICIONAIS";"BONUS META PAP INDIRETO";"CLRZ";"202311";"t";"52,45";"0";"BONUS META PAP INDIRETO";"";"OK";"104.9";"''";"P2";"AUDIO_CONEXAO";"";"";"";"749001478495";"ULTRA";"";"";",5";"";"VIRTUA 600 MB";"170054562"
"2023-11-06 00:00:00";"0";"COMISSOES ADICIONAIS";"BONUS META PAP INDIRETO";"CLRZ";"202311";"t";"52,44";"0";"BONUS META PAP INDIRETO";"";"OK";"104.89";"''";"P2";"AUDIO_CONEXAO";"";"";"";"091380444831";"ULTRA";"";"";",5";"";"VIRTUA 500 MB";"170054562"
"2023-11-06 00:00:00";"0";"COMISSOES ADICIONAIS";"BONUS META PAP INDIRETO";"CLRZ";"202311";"t";"52,44";"0";"BONUS META PAP INDIRETO";"";"OK";"104.89";"''";"P2";"AUDIO_CONEXAO";"";"";"";"912001013342";"ULTRA";"";"";",5";"";"VIRTUA 500 MB";"170054562"
"2023-11-27 00:00:00";"0";"COMISSOES ADICIONAIS";"BONUS META PAP INDIRETO";"CLRZ";"202311";"t";"52,44";"0";"BONUS META PAP INDIRETO";"";"OK";"104.89";"''";"P2";"AUDIO_CONEXAO";"";"";"";"213001137771";"ULTRA";"";"";",5";"";"VIRTUA 500 MB";"170054562"
"2023-11-27 00:00:00";"0";"COMISSOES ADICIONAIS";"BONUS META PAP INDIRETO";"CLRZ";"202311";"t";"52,45";"0";"BONUS META PAP INDIRETO";"";"OK";"104.9";"''";"P2";"AUDIO_CONEXAO";"";"";"";"213001137836";"ULTRA";"";"";",5";"";"VIRTUA 500 MB";"170054562"
"2023-11-18 00:00:00";"0";"COMISSOES ADICIONAIS";"BONUS META PAP INDIRETO";"CLRZ";"202311";"t";"52,45";"0";"BONUS META PAP INDIRETO";"";"OK";"104.9";"''";"P2";"AUDIO_CONEXAO";"";"";"";"088624794375";"ULTRA";"";"";",5";"";"VIRTUA 250 MB";"170054562"
"2023-11-25 00:00:00";"0";"COMISSOES ADICIONAIS";"BONUS META PAP INDIRETO";"CLRZ";"202311";"t";"67,45";"0";"BONUS META PAP INDIRETO";"";"OK";"134.9";"''";"P2";"AUDIO_CONEXAO";"";"";"";"203001365000";"ULTRA";"";"";",5";"";"VIRTUA 300 MB";"170054562"
"2023-11-25 00:00:00";"0";"COMISSOES ADICIONAIS";"BONUS META PAP INDIRETO";"CLRZ";"202311";"t";"57,44";"0";"BONUS META PAP INDIRETO";"";"OK";"114.88";"''";"P2";"AUDIO_CONEXAO";"";"";"";"352001022478";"ULTRA";"";"";",5";"";"VIRTUA 350 MB";"170054562"
"2023-11-20 00:00:00";"0";"COMISSOES ADICIONAIS";"BONUS META PAP INDIRETO";"CLRZ";"202311";"t";"47,45";"0";"BONUS META PAP INDIRETO";"";"OK";"94.9";"''";"P2";"AUDIO_CONEXAO";"";"";"";"131001001768";"ULTRA";"";"";",5";"";"VIRTUA 350 MB";"170054562"
"2023-11-11 00:00:00";"0";"COMISSOES ADICIONAIS";"BONUS META PAP INDIRETO";"CLRZ";"202311";"t";"42,44";"0";"BONUS META PAP INDIRETO";"";"OK";"84.89";"''";"P2";"AUDIO_CONEXAO";"";"";"";"203001363253";"ULTRA";"";"";",5";"";"VIRTUA 125 MB";"170054562"
"2023-11-21 00:00:00";"0";"COMISSOES ADICIONAIS";"BONUS META PAP INDIRETO";"CLRZ";"202311";"t";"52,44";"0";"BONUS META PAP INDIRETO";"";"OK";"104.89";"''";"P2";"AUDIO_CONEXAO";"";"";"";"086366890337";"ULTRA";"";"";",5";"";"VIRTUA 250 MB";"170054562"
"2023-11-01 00:00:00";"0";"COMISSOES ADICIONAIS";"BONUS META PAP INDIRETO";"CLRZ";"202311";"t";"52,45";"0";"BONUS META PAP INDIRETO";"";"OK";"104.9";"''";"P2";"AUDIO_CONEXAO";"";"";"";"213001134586";"ULTRA";"";"";",5";"";"VIRTUA 500 MB";"170054562"
"2023-11-01 00:00:00";"0";"COMISSOES ADICIONAIS";"BONUS META PAP INDIRETO";"CLRZ";"202311";"t";"52,45";"0";"BONUS META PAP INDIRETO";"";"OK";"104.9";"''";"P2";"AUDIO_CONEXAO";"";"";"";"213001134560";"ULTRA";"";"";",5";"";"VIRTUA 500 MB";"170054562"
"2023-11-07 00:00:00";"0";"COMISSOES ADICIONAIS";"BONUS META PAP INDIRETO";"CLRZ";"202311";"t";"52,45";"0";"BONUS META PAP INDIRETO";"";"OK";"104.9";"''";"P2";"AUDIO_CONEXAO";"";"";"";"868001084178";"ULTRA";"";"";",5";"";"VIRTUA 600 MB";"170054562"
"2023-11-17 00:00:00";"0";"COMISSOES ADICIONAIS";"BONUS META PAP INDIRETO";"CLRZ";"202311";"t";"52,44";"0";"BONUS META PAP INDIRETO";"";"OK";"104.89";"''";"P2";"AUDIO_CONEXAO";"";"";"";"213001136279";"ULTRA";"";"";",5";"";"VIRTUA 500 MB";"170054562"
"2023-11-17 00:00:00";"0";"COMISSOES ADICIONAIS";"BONUS META PAP INDIRETO";"CLRZ";"202311";"t";"52,45";"0";"BONUS META PAP INDIRETO";"";"OK";"104.9";"''";"P2";"AUDIO_CONEXAO";"";"";"";"113001021590";"ULTRA";"";"";",5";"";"VIRTUA 500 MB";"170054562"
"2023-11-01 00:00:00";"0";"COMISSOES ADICIONAIS";"BONUS META PAP INDIRETO";"CLRZ";"202311";"t";"42,45";"0";"BONUS META PAP INDIRETO";"";"OK";"84.9";"''";"P2";"AUDIO_CONEXAO";"";"";"";"086366877659";"ULTRA";"";"";",5";"";"VIRTUA 125 MB";"170054562"
"2023-11-27 00:00:00";"0";"COMISSOES ADICIONAIS";"BONUS META PAP INDIRETO";"CLRZ";"202311";"t";"67,45";"0";"BONUS META PAP INDIRETO";"";"OK";"134.9";"''";"P2";"AUDIO_CONEXAO";"";"";"";"086366894030";"ULTRA";"";"";",5";"";"VIRTUA 300 MB";"170054562"
"2023-08-11 00:00:00";"0";"ESTORNO";"VIRTUA 500 MB";"CLRZ";"202311";"t";"-157,35";"0";"CANCELAMENTO 120 DIAS";"";"OK";"0";"''";"P2";"AUDIO_CONEXAO";"";"";"";"089341556741";"ULTRA";"";"";"3";"";"BL 500M SINGLE OU C/ FONE BWF PON FID";"170054562"
"2023-08-14 00:00:00";"0";"ESTORNO";"VIRTUA 250 MB";"CLRZ";"202311";"t";"-157,34";"0";"CANCELAMENTO 120 DIAS";"";"OK";"0";"''";"P2";"AUDIO_CONEXAO";"";"";"";"093301458051";"ULTRA";"";"";"3";"";"BL 250M AQS BS FID";"170054562"
"2023-11-09 00:00:00";"0";"COMISSOES ADICIONAIS";"BONUS META PAP INDIRETO";"CLRZ";"202311";"t";"52,44";"0";"BONUS META PAP INDIRETO";"";"OK";"104.89";"''";"P2";"AUDIO_CONEXAO";"";"";"";"088624786798";"ULTRA";"";"";",5";"";"VIRTUA 250 MB";"170054562"
"2023-11-09 00:00:00";"0";"COMISSOES ADICIONAIS";"BONUS META PAP INDIRETO";"CLRZ";"202311";"t";"52,44";"0";"BONUS META PAP INDIRETO";"";"OK";"104.89";"''";"P2";"AUDIO_CONEXAO";"";"";"";"088624788090";"ULTRA";"";"";",5";"";"VIRTUA 250 MB";"170054562"
"2023-11-21 00:00:00";"0";"COMISSOES ADICIONAIS";"BONUS META PAP INDIRETO";"CLRZ";"202311";"t";"52,44";"0";"BONUS META PAP INDIRETO";"";"OK";"104.89";"''";"P2";"AUDIO_CONEXAO";"";"";"";"604001005807";"ULTRA";"";"";",5";"";"VIRTUA 500 MB";"170054562"
"2023-11-23 00:00:00";"0";"COMISSOES ADICIONAIS";"BONUS META PAP INDIRETO";"CLRZ";"202311";"t";"52,44";"0";"BONUS META PAP INDIRETO";"";"OK";"104.89";"''";"P2";"AUDIO_CONEXAO";"";"";"";"749001477626";"ULTRA";"";"";",5";"";"VIRTUA 500 MB";"170054562"
"2023-11-23 00:00:00";"0";"COMISSOES ADICIONAIS";"BONUS META PAP INDIRETO";"CLRZ";"202311";"t";"67,44";"0";"BONUS META PAP INDIRETO";"";"OK";"134.89";"''";"P2";"AUDIO_CONEXAO";"";"";"";"749001477707";"ULTRA";"";"";",5";"";"VIRTUA 750 MB";"170054562"
"2023-11-23 00:00:00";"0";"COMISSOES ADICIONAIS";"BONUS META PAP INDIRETO";"CLRZ";"202311";"t";"72,45";"0";"BONUS META PAP INDIRETO";"";"OK";"144.9";"''";"P2";"AUDIO_CONEXAO";"";"";"";"086366892526";"ULTRA";"";"";",5";"";"VIRTUA 600 MB";"170054562"
"2023-11-23 00:00:00";"0";"COMISSOES ADICIONAIS";"BONUS META PAP INDIRETO";"CLRZ";"202311";"t";"77,45";"0";"BONUS META PAP INDIRETO";"";"OK";"154.9";"''";"P2";"AUDIO_CONEXAO";"";"";"";"203001364640";"ULTRA";"";"";",5";"";"VIRTUA 750 MB";"170054562"
"2023-11-01 00:00:00";"0";"COMISSOES ADICIONAIS";"BONUS META PAP INDIRETO";"CLRZ";"202311";"t";"52,45";"0";"BONUS META PAP INDIRETO";"";"OK";"104.9";"''";"P2";"AUDIO_CONEXAO";"";"";"";"363002709290";"ULTRA";"";"";",5";"";"VIRTUA 250 MB";"170054562"
"2023-11-01 00:00:00";"0";"COMISSOES ADICIONAIS";"BONUS META PAP INDIRETO";"CLRZ";"202311";"t";"52,45";"0";"BONUS META PAP INDIRETO";"";"OK";"104.9";"''";"P2";"AUDIO_CONEXAO";"";"";"";"278001823777";"ULTRA";"";"";",5";"";"VIRTUA 350 MB";"170054562"
"2023-11-04 00:00:00";"0";"COMISSOES ADICIONAIS";"BONUS META PAP INDIRETO";"CLRZ";"202311";"t";"52,44";"0";"BONUS META PAP INDIRETO";"";"OK";"104.89";"''";"P2";"AUDIO_CONEXAO";"";"";"";"093301461451";"ULTRA";"";"";",5";"";"VIRTUA 250 MB";"170054562"
"2023-11-04 00:00:00";"0";"COMISSOES ADICIONAIS";"BONUS META PAP INDIRETO";"CLRZ";"202311";"t";"52,45";"0";"BONUS META PAP INDIRETO";"";"OK";"104.9";"''";"P2";"AUDIO_CONEXAO";"";"";"";"091380443975";"ULTRA";"";"";",5";"";"VIRTUA 500 MB";"170054562"
"2023-11-04 00:00:00";"0";"COMISSOES ADICIONAIS";"BONUS META PAP INDIRETO";"CLRZ";"202311";"t";"52,45";"0";"BONUS META PAP INDIRETO";"";"OK";"104.9";"''";"P2";"AUDIO_CONEXAO";"";"";"";"088624779139";"ULTRA";"";"";",5";"";"VIRTUA 250 MB";"170054562"
"2023-08-14 00:00:00";"0";"ESTORNO";"VIRTUA 500 MB";"CLRZ";"202311";"t";"-157,35";"0";"CANCELAMENTO 120 DIAS";"";"OK";"0";"''";"P2";"AUDIO_CONEXAO";"";"";"";"213001126605";"ULTRA";"";"";"3";"";"BL 500M SINGLE OU C/ FONE BWF PON FID";"170054562"
"2023-11-07 00:00:00";"0";"COMISSOES ADICIONAIS";"BONUS META PAP INDIRETO";"CLRZ";"202311";"t";"62,45";"0";"BONUS META PAP INDIRETO";"";"OK";"124.9";"''";"P2";"AUDIO_CONEXAO";"";"";"";"996375232152";"ULTRA";"";"";",5";"";"VIRTUA 350 MB";"170054562"
"2023-11-07 00:00:00";"0";"COMISSOES ADICIONAIS";"BONUS META PAP INDIRETO";"CLRZ";"202311";"t";"52,44";"0";"BONUS META PAP INDIRETO";"";"OK";"104.89";"''";"P2";"AUDIO_CONEXAO";"";"";"";"131001000583";"ULTRA";"";"";",5";"";"VIRTUA 500 MB";"170054562"
"2023-11-03 00:00:00";"0";"COMISSOES ADICIONAIS";"BONUS META PAP INDIRETO";"CLRZ";"202311";"t";"52,44";"0";"BONUS META PAP INDIRETO";"";"OK";"104.89";"''";"P2";"AUDIO_CONEXAO";"";"";"";"851001155148";"ULTRA";"";"";",5";"";"VIRTUA 350 MB";"170054562"
"2023-11-03 00:00:00";"0";"COMISSOES ADICIONAIS";"BONUS META PAP INDIRETO";"CLRZ";"202311";"t";"52,44";"0";"BONUS META PAP INDIRETO";"";"OK";"104.89";"''";"P2";"AUDIO_CONEXAO";"";"";"";"851001155113";"ULTRA";"";"";",5";"";"VIRTUA 350 MB";"170054562"
"2023-11-03 00:00:00";"0";"COMISSOES ADICIONAIS";"BONUS META PAP INDIRETO";"CLRZ";"202311";"t";"47,45";"0";"BONUS META PAP INDIRETO";"";"OK";"94.9";"''";"P2";"AUDIO_CONEXAO";"";"";"";"091380444580";"ULTRA";"";"";",5";"";"VIRTUA 350 MB";"170054562"
"2023-11-24 00:00:00";"0";"COMISSOES ADICIONAIS";"BONUS META PAP INDIRETO";"CLRZ";"202311";"t";"52,44";"0";"BONUS META PAP INDIRETO";"";"OK";"104.89";"''";"P2";"AUDIO_CONEXAO";"";"";"";"749001478142";"ULTRA";"";"";",5";"";"VIRTUA 500 MB";"170054562"
"2023-11-24 00:00:00";"0";"COMISSOES ADICIONAIS";"BONUS META PAP INDIRETO";"CLRZ";"202311";"t";"52,44";"0";"BONUS META PAP INDIRETO";"";"OK";"104.89";"''";"P2";"AUDIO_CONEXAO";"";"";"";"749001478029";"ULTRA";"";"";",5";"";"VIRTUA 500 MB";"170054562"
"2023-11-24 00:00:00";"0";"COMISSOES ADICIONAIS";"BONUS META PAP INDIRETO";"CLRZ";"202311";"t";"44,95";"0";"BONUS META PAP INDIRETO";"";"OK";"89.9";"''";"P2";"AUDIO_CONEXAO";"";"";"";"088624798389";"ULTRA";"";"";",5";"";"VIRTUA 150 MB";"170054562"
"2023-11-23 00:00:00";"0";"COMISSOES ADICIONAIS";"BONUS META PAP INDIRETO";"CLRZ";"202311";"t";"72,45";"0";"BONUS META PAP INDIRETO";"";"OK";"144.9";"''";"P2";"AUDIO_CONEXAO";"";"";"";"093301462113";"ULTRA";"";"";",5";"";"VIRTUA 500 MB";"170054562"
"2023-11-24 00:00:00";"0";"COMISSOES ADICIONAIS";"BONUS META PAP INDIRETO";"CLRZ";"202311";"t";"52,45";"0";"BONUS META PAP INDIRETO";"";"OK";"104.9";"''";"P2";"AUDIO_CONEXAO";"";"";"";"851001155920";"ULTRA";"";"";",5";"";"VIRTUA 350 MB";"170054562"
"2023-08-17 00:00:00";"0";"ESTORNO";"VIRTUA 500 MB";"CLRZ";"202311";"t";"-157,34";"0";"CANCELAMENTO 120 DIAS";"";"OK";"0";"''";"P2";"AUDIO_CONEXAO";"";"";"";"213001126877";"ULTRA";"";"";"3";"";"BL 500M SINGLE/FONE AQS BS BWF PON FID";"170054562"
"2023-11-21 00:00:00";"0";"COMISSOES ADICIONAIS";"BONUS META PAP INDIRETO";"CLRZ";"202311";"t";"52,44";"0";"BONUS META PAP INDIRETO";"";"OK";"104.89";"''";"P2";"AUDIO_CONEXAO";"";"";"";"868001084763";"ULTRA";"";"";",5";"";"VIRTUA 500 MB";"170054562"
"2023-11-21 00:00:00";"0";"COMISSOES ADICIONAIS";"BONUS META PAP INDIRETO";"CLRZ";"202311";"t";"52,45";"0";"BONUS META PAP INDIRETO";"";"OK";"104.9";"''";"P2";"AUDIO_CONEXAO";"";"";"";"868001085050";"ULTRA";"";"";",5";"";"VIRTUA 500 MB";"170054562"
"2023-11-21 00:00:00";"0";"COMISSOES ADICIONAIS";"BONUS META PAP INDIRETO";"CLRZ";"202311";"t";"52,44";"0";"BONUS META PAP INDIRETO";"";"OK";"104.89";"''";"P2";"AUDIO_CONEXAO";"";"";"";"213001136880";"ULTRA";"";"";",5";"";"VIRTUA 500 MB";"170054562"
"2023-11-21 00:00:00";"0";"COMISSOES ADICIONAIS";"BONUS META PAP INDIRETO";"CLRZ";"202311";"t";"52,44";"0";"BONUS META PAP INDIRETO";"";"OK";"104.89";"''";"P2";"AUDIO_CONEXAO";"";"";"";"089341571864";"ULTRA";"";"";",5";"";"VIRTUA 500 MB";"170054562"
"2023-11-21 00:00:00";"0";"COMISSOES ADICIONAIS";"BONUS META PAP INDIRETO";"CLRZ";"202311";"t";"52,44";"0";"BONUS META PAP INDIRETO";"";"OK";"104.89";"''";"P2";"AUDIO_CONEXAO";"";"";"";"089341571899";"ULTRA";"";"";",5";"";"VIRTUA 500 MB";"170054562"
"2023-11-06 00:00:00";"0";"COMISSOES ADICIONAIS";"BONUS META PAP INDIRETO";"CLRZ";"202311";"t";"52,45";"0";"BONUS META PAP INDIRETO";"";"OK";"104.9";"''";"P2";"AUDIO_CONEXAO";"";"";"";"203001362346";"ULTRA";"";"";",5";"";"VIRTUA 250 MB";"170054562"
"2023-11-06 00:00:00";"0";"COMISSOES ADICIONAIS";"BONUS META PAP INDIRETO";"CLRZ";"202311";"t";"52,45";"0";"BONUS META PAP INDIRETO";"";"OK";"104.9";"''";"P2";"AUDIO_CONEXAO";"";"";"";"203001362338";"ULTRA";"";"";",5";"";"VIRTUA 350 MB";"170054562"
"2023-11-06 00:00:00";"0";"COMISSOES ADICIONAIS";"BONUS META PAP INDIRETO";"CLRZ";"202311";"t";"52,45";"0";"BONUS META PAP INDIRETO";"";"OK";"104.9";"''";"P2";"AUDIO_CONEXAO";"";"";"";"068001174510";"ULTRA";"";"";",5";"";"VIRTUA 500 MB";"170054562"
"2023-11-28 00:00:00";"0";"COMISSOES ADICIONAIS";"BONUS META PAP INDIRETO";"CLRZ";"202311";"t";"52,44";"0";"BONUS META PAP INDIRETO";"";"OK";"104.89";"''";"P2";"AUDIO_CONEXAO";"";"";"";"593001011996";"ULTRA";"";"";",5";"";"VIRTUA 500 MB";"170054562"
"2023-11-30 00:00:00";"0";"COMISSOES ADICIONAIS";"BONUS META PAP INDIRETO";"CLRZ";"202311";"t";"52,45";"0";"BONUS META PAP INDIRETO";"";"OK";"104.9";"''";"P2";"AUDIO_CONEXAO";"";"";"";"996375241690";"ULTRA";"";"";",5";"";"VIRTUA 250 MB";"170054562"
"2023-11-30 00:00:00";"0";"COMISSOES ADICIONAIS";"BONUS META PAP INDIRETO";"CLRZ";"202311";"t";"47,45";"0";"BONUS META PAP INDIRETO";"";"OK";"94.9";"''";"P2";"AUDIO_CONEXAO";"";"";"";"570001048040";"ULTRA";"";"";",5";"";"VIRTUA 350 MB";"170054562"
"2023-11-09 00:00:00";"0";"COMISSOES ADICIONAIS";"BONUS META PAP INDIRETO";"CLRZ";"202311";"t";"52,45";"0";"BONUS META PAP INDIRETO";"";"OK";"104.9";"''";"P2";"AUDIO_CONEXAO";"";"";"";"086366883500";"ULTRA";"";"";",5";"";"VIRTUA 250 MB";"170054562"
"2023-11-21 00:00:00";"0";"COMISSOES ADICIONAIS";"BONUS META PAP INDIRETO";"CLRZ";"202311";"t";"42,44";"0";"BONUS META PAP INDIRETO";"";"OK";"84.89";"''";"P2";"AUDIO_CONEXAO";"";"";"";"088624792763";"ULTRA";"";"";",5";"";"VIRTUA 125 MB";"170054562"
"2023-11-20 00:00:00";"0";"COMISSOES ADICIONAIS";"BONUS META PAP INDIRETO";"CLRZ";"202311";"t";"52,44";"0";"BONUS META PAP INDIRETO";"";"OK";"104.89";"''";"P2";"AUDIO_CONEXAO";"";"";"";"996375236999";"ULTRA";"";"";",5";"";"VIRTUA 250 MB";"170054562"
"2023-11-17 00:00:00";"0";"COMISSOES ADICIONAIS";"BONUS META PAP INDIRETO";"CLRZ";"202311";"t";"52,44";"0";"BONUS META PAP INDIRETO";"";"OK";"104.89";"''";"P2";"AUDIO_CONEXAO";"";"";"";"204001006287";"ULTRA";"";"";",5";"";"VIRTUA 500 MB";"170054562"
"2023-11-09 00:00:00";"0";"COMISSOES ADICIONAIS";"BONUS META PAP INDIRETO";"CLRZ";"202311";"t";"52,45";"0";"BONUS META PAP INDIRETO";"";"OK";"104.9";"''";"P2";"AUDIO_CONEXAO";"";"";"";"213001135060";"ULTRA";"";"";",5";"";"VIRTUA 500 MB";"170054562"
"2023-11-17 00:00:00";"0";"COMISSOES ADICIONAIS";"BONUS META PAP INDIRETO";"CLRZ";"202311";"t";"52,44";"0";"BONUS META PAP INDIRETO";"";"OK";"104.89";"''";"P2";"AUDIO_CONEXAO";"";"";"";"113001021604";"ULTRA";"";"";",5";"";"VIRTUA 500 MB";"170054562"
"2023-11-27 00:00:00";"0";"COMISSOES ADICIONAIS";"BONUS META PAP INDIRETO";"CLRZ";"202311";"t";"52,44";"0";"BONUS META PAP INDIRETO";"";"OK";"104.89";"''";"P2";"AUDIO_CONEXAO";"";"";"";"113001021990";"ULTRA";"";"";",5";"";"VIRTUA 500 MB";"170054562"
"2023-08-02 00:00:00";"0";"ESTORNO";"VIRTUA 250 MB";"CLRZ";"202311";"t";"-152,09";"0";"CANCELAMENTO 120 DIAS";"";"OK";"0";"''";"P2";"AUDIO_CONEXAO";"";"";"";"086366819128";"ULTRA";"";"";"2,9";"";"BL 250M SINGLE/FONE AQS BS BWF PON FID";"170054562"
"2023-11-21 00:00:00";"0";"COMISSOES ADICIONAIS";"BONUS META PAP INDIRETO";"CLRZ";"202311";"t";"52,45";"0";"BONUS META PAP INDIRETO";"";"OK";"104.9";"''";"P2";"AUDIO_CONEXAO";"";"";"";"068001176076";"ULTRA";"";"";",5";"";"VIRTUA 500 MB";"170054562"
"2023-11-21 00:00:00";"0";"COMISSOES ADICIONAIS";"BONUS META PAP INDIRETO";"CLRZ";"202311";"t";"52,44";"0";"BONUS META PAP INDIRETO";"";"OK";"104.89";"''";"P2";"AUDIO_CONEXAO";"";"";"";"334001016054";"ULTRA";"";"";",5";"";"VIRTUA 500 MB";"170054562"
"2023-11-30 00:00:00";"0";"COMISSOES ADICIONAIS";"BONUS META PAP INDIRETO";"CLRZ";"202311";"t";"52,44";"0";"BONUS META PAP INDIRETO";"";"OK";"104.89";"''";"P2";"AUDIO_CONEXAO";"";"";"";"749001478959";"ULTRA";"";"";",5";"";"VIRTUA 500 MB";"170054562"
"2023-11-17 00:00:00";"0";"COMISSOES ADICIONAIS";"BONUS META PAP INDIRETO";"CLRZ";"202311";"t";"52,45";"0";"BONUS META PAP INDIRETO";"";"OK";"104.9";"''";"P2";"AUDIO_CONEXAO";"";"";"";"749001476581";"ULTRA";"";"";",5";"";"VIRTUA 600 MB";"170054562"
"2023-11-17 00:00:00";"0";"COMISSOES ADICIONAIS";"BONUS META PAP INDIRETO";"CLRZ";"202311";"t";"44,95";"0";"BONUS META PAP INDIRETO";"";"OK";"89.9";"''";"P2";"AUDIO_CONEXAO";"";"";"";"088624793140";"ULTRA";"";"";",5";"";"VIRTUA 150 MB";"170054562"
"2023-11-09 00:00:00";"0";"COMISSOES ADICIONAIS";"BONUS META PAP INDIRETO";"CLRZ";"202311";"t";"52,44";"0";"BONUS META PAP INDIRETO";"";"OK";"104.89";"''";"P2";"AUDIO_CONEXAO";"";"";"";"113001021175";"ULTRA";"";"";",5";"";"VIRTUA 500 MB";"170054562"
"2023-11-22 00:00:00";"0";"COMISSOES ADICIONAIS";"BONUS META PAP INDIRETO";"CLRZ";"202311";"t";"62,44";"0";"BONUS META PAP INDIRETO";"";"OK";"124.89";"''";"P2";"AUDIO_CONEXAO";"";"";"";"996375237510";"ULTRA";"";"";",5";"";"VIRTUA 350 MB";"170054562"
"2023-11-25 00:00:00";"0";"COMISSOES ADICIONAIS";"BONUS META PAP INDIRETO";"CLRZ";"202311";"t";"42,45";"0";"BONUS META PAP INDIRETO";"";"OK";"84.9";"''";"P2";"AUDIO_CONEXAO";"";"";"";"213001137615";"ULTRA";"";"";",5";"";"VIRTUA 125 MB";"170054562"
"2023-11-25 00:00:00";"0";"COMISSOES ADICIONAIS";"BONUS META PAP INDIRETO";"CLRZ";"202311";"t";"52,44";"0";"BONUS META PAP INDIRETO";"";"OK";"104.89";"''";"P2";"AUDIO_CONEXAO";"";"";"";"213001137658";"ULTRA";"";"";",5";"";"VIRTUA 500 MB";"170054562"
"2023-11-25 00:00:00";"0";"COMISSOES ADICIONAIS";"BONUS META PAP INDIRETO";"CLRZ";"202311";"t";"42,45";"0";"BONUS META PAP INDIRETO";"";"OK";"84.9";"''";"P2";"AUDIO_CONEXAO";"";"";"";"086366889762";"ULTRA";"";"";",5";"";"VIRTUA 125 MB";"170054562"
"2023-11-25 00:00:00";"0";"COMISSOES ADICIONAIS";"BONUS META PAP INDIRETO";"CLRZ";"202311";"t";"52,45";"0";"BONUS META PAP INDIRETO";"";"OK";"104.9";"''";"P2";"AUDIO_CONEXAO";"";"";"";"068001176564";"ULTRA";"";"";",5";"";"VIRTUA 500 MB";"170054562"
"2023-01-30 00:00:00";"0";"ESTORNO REFERENTE 09/2023 P2";"VIRTUA 250 MB";"CLRZ";"202311";"t";"-157,35";"0";"INAD_3_60_OK";"";"OK";"0";"''";"P2";"AUDIO_CONEXAO";"";"";"";"086366673107";"ULTRA";"";"";"3";"";"BL 250M SINGLE OU C/ FONE BWF PON FID";"170054562"
"2023-08-08 00:00:00";"0";"ESTORNO";"VIRTUA 500 MB";"CLRZ";"202311";"t";"-157,34";"0";"CANCELAMENTO 120 DIAS";"";"OK";"0";"''";"P2";"AUDIO_CONEXAO";"";"";"";"089341556237";"ULTRA";"";"";"3";"";"BL 500M SINGLE/FONE AQS BS BWF PON FID";"170054562"
"2023-11-01 00:00:00";"0";"COMISSOES ADICIONAIS";"BONUS META PAP INDIRETO";"CLRZ";"202311";"t";"72,45";"0";"BONUS META PAP INDIRETO";"";"OK";"144.9";"''";"P2";"AUDIO_CONEXAO";"";"";"";"086366878418";"ULTRA";"";"";",5";"";"VIRTUA 500 MB";"170054562"
"2023-11-01 00:00:00";"0";"COMISSOES ADICIONAIS";"BONUS META PAP INDIRETO";"CLRZ";"202311";"t";"52,45";"0";"BONUS META PAP INDIRETO";"";"OK";"104.9";"''";"P2";"AUDIO_CONEXAO";"";"";"";"203001361951";"ULTRA";"";"";",5";"";"VIRTUA 350 MB";"170054562"
"2023-11-01 00:00:00";"0";"COMISSOES ADICIONAIS";"BONUS META PAP INDIRETO";"CLRZ";"202311";"t";"52,44";"0";"BONUS META PAP INDIRETO";"";"OK";"104.89";"''";"P2";"AUDIO_CONEXAO";"";"";"";"819001028382";"ULTRA";"";"";",5";"";"VIRTUA 500 MB";"170054562"
"2023-11-16 00:00:00";"0";"COMISSOES ADICIONAIS";"BONUS META PAP INDIRETO";"CLRZ";"202311";"t";"52,45";"0";"BONUS META PAP INDIRETO";"";"OK";"104.9";"''";"P2";"AUDIO_CONEXAO";"";"";"";"086366887859";"ULTRA";"";"";",5";"";"VIRTUA 250 MB";"170054562"
"2023-11-23 00:00:00";"0";"COMISSOES ADICIONAIS";"BONUS META PAP INDIRETO";"CLRZ";"202311";"t";"62,45";"0";"BONUS META PAP INDIRETO";"";"OK";"124.9";"''";"P2";"AUDIO_CONEXAO";"";"";"";"996375238045";"ULTRA";"";"";",5";"";"VIRTUA 500 MB";"170054562"
"2023-04-29 00:00:00";"0";"ESTORNO REFERENTE 09/2023 P2";"VIRTUA 500 MB";"CLRZ";"202311";"t";"-285,33";"0";"INAD_1_60_OK";"";"OK";"0";"''";"P2";"";"";"";"";"531010598660";"ULTRA";"";"";"3,4";"";"BL 500M COMBINADO FID";"170054562"
"2023-04-29 00:00:00";"0";"ESTORNO REFERENTE 09/2023 P2";"CLARO TV MAIS BOX";"CLRZ";"202311";"t";"-285,33";"0";"INAD_1_60_OK";"";"OK";"0";"''";"P2";"";"";"";"";"531010598660";"ULTRA";"";"";"3,4";"";"CLARO STREAMING HD TVMAIS TOP VOZ STX";"170054562"
"2023-11-20 00:00:00";"0";"COMISSOES ADICIONAIS";"BONUS META PAP INDIRETO";"CLRZ";"202311";"t";"52,44";"0";"BONUS META PAP INDIRETO";"";"OK";"104.89";"''";"P2";"AUDIO_CONEXAO";"";"";"";"193002279560";"ULTRA";"";"";",5";"";"VIRTUA 500 MB";"170054562"
"2023-11-27 00:00:00";"0";"COMISSOES ADICIONAIS";"BONUS META PAP INDIRETO";"CLRZ";"202311";"t";"52,44";"0";"BONUS META PAP INDIRETO";"";"OK";"104.89";"''";"P2";"AUDIO_CONEXAO";"";"";"";"749001478274";"ULTRA";"";"";",5";"";"VIRTUA 500 MB";"170054562"
"2023-11-20 00:00:00";"0";"COMISSOES ADICIONAIS";"BONUS META PAP INDIRETO";"CLRZ";"202311";"t";"52,44";"0";"BONUS META PAP INDIRETO";"";"OK";"104.89";"''";"P2";"AUDIO_CONEXAO";"";"";"";"213001136651";"ULTRA";"";"";",5";"";"VIRTUA 500 MB";"170054562"
"2023-11-20 00:00:00";"0";"COMISSOES ADICIONAIS";"BONUS META PAP INDIRETO";"CLRZ";"202311";"t";"52,44";"0";"BONUS META PAP INDIRETO";"";"OK";"104.89";"''";"P2";"AUDIO_CONEXAO";"";"";"";"213001136708";"ULTRA";"";"";",5";"";"VIRTUA 500 MB";"170054562"
"2023-11-27 00:00:00";"0";"COMISSOES ADICIONAIS";"BONUS META PAP INDIRETO";"CLRZ";"202311";"t";"52,45";"0";"BONUS META PAP INDIRETO";"";"OK";"104.9";"''";"P2";"AUDIO_CONEXAO";"";"";"";"996375240392";"ULTRA";"";"";",5";"";"VIRTUA 250 MB";"170054562"
"2023-11-16 00:00:00";"0";"COMISSOES ADICIONAIS";"BONUS META PAP INDIRETO";"CLRZ";"202311";"t";"52,44";"0";"BONUS META PAP INDIRETO";"";"OK";"104.89";"''";"P2";"AUDIO_CONEXAO";"";"";"";"996375236077";"ULTRA";"";"";",5";"";"VIRTUA 250 MB";"170054562"
"2023-11-16 00:00:00";"0";"COMISSOES ADICIONAIS";"BONUS META PAP INDIRETO";"CLRZ";"202311";"t";"42,44";"0";"BONUS META PAP INDIRETO";"";"OK";"84.89";"''";"P2";"AUDIO_CONEXAO";"";"";"";"996375234538";"ULTRA";"";"";",5";"";"VIRTUA 125 MB";"170054562"
"2023-11-16 00:00:00";"0";"COMISSOES ADICIONAIS";"BONUS META PAP INDIRETO";"CLRZ";"202311";"t";"62,44";"0";"BONUS META PAP INDIRETO";"";"OK";"124.89";"''";"P2";"AUDIO_CONEXAO";"";"";"";"379001255141";"ULTRA";"";"";",5";"";"VIRTUA 500 MB";"170054562"
"2023-04-29 00:00:00";"0";"ESTORNO REFERENTE 09/2023 P2";"BONUS TV";"CLRZ";"202311";"t";"-29,37";"0";"INAD_1_60_OK";"";"OK";"0";"''";"P2";"";"";"";"";"531010598660";"ULTRA";"";"";",35";"";"CLARO TV MAIS BOX";"170054562"
"2023-04-29 00:00:00";"0";"ESTORNO REFERENTE 09/2023 P2";"VIRTUA 125 MB";"CLRZ";"202311";"t";"-144,33";"0";"INAD_3_60_OK";"";"OK";"0";"''";"P2";"AUDIO_CONEXAO";"";"";"";"996375153732";"ULTRA";"";"";"3,4";"";"BL 125M SINGLE OU C/ FONE FID";"170054562"
"2023-08-03 00:00:00";"0";"ESTORNO";"VIRTUA 250 MB";"CLRZ";"202311";"t";"-152,1";"0";"CANCELAMENTO 120 DIAS";"";"OK";"0";"''";"P2";"AUDIO_CONEXAO";"";"";"";"749001454553";"ULTRA";"";"";"2,9";"";"BL 250M SINGLE OU C/ FONE BWF PON FID";"170054562"
"2023-09-06 00:00:00";"0";"ESTORNO";"VIRTUA 250 MB";"CLRZ";"202311";"t";"-304,21";"0";"CARROSSEL";"";"OK";"0";"''";"P2";"AUDIO_CONEXAO";"";"";"";"086366844017";"ULTRA";"";"";"2,9";"";"BL 250M SINGLE OU C/ FONE BWF PON FID";"170054562"
"2023-01-20 00:00:00";"0";"ESTORNO REFERENTE 09/2023 P2";"VIRTUA 250 MB";"CLRZ";"202311";"t";"-157,35";"0";"INAD_3_60_OK";"";"OK";"0";"''";"P2";"AUDIO_CONEXAO";"";"";"";"088624567026";"ULTRA";"";"";"3";"";"BL 250M SINGLE OU C/ FONE FID";"170054562"
"2023-05-26 00:00:00";"0";"ESTORNO REFERENTE 09/2023 P2";"VIRTUA 250 MB";"CLRZ";"202311";"t";"-285,33";"0";"INAD_1_60_OK";"";"OK";"0";"''";"P2";"AUDIO_CONEXAO";"";"";"";"749001443284";"ULTRA";"";"";"3,4";"";"BL 250M SINGLE OU C/ FONE BWF PON FID";"170054562"
"2023-02-03 00:00:00";"0";"DEVOLUCAO EST UR";"VIRTUA 250 MB";"CLRZ";"202311";"t";"142,35";"0";"DEV EST INADIMPLENCIA";"2023-02-03 00:00:00";"OK";"0";"''";"P2";"AUDIO_CONEXAO";"";"";"";"570001040732";"ULTRA";"";"";"3";"";"BL 250M SINGLE OU C/ FONE BWF PON FID";"170054562"
"2023-10-09 00:00:00";"0";"ESTORNO";"BONUS META PAP INDIRETO";"CLRZ";"202311";"t";"-52,45";"0";"CARROSSEL";"";"OK";"0";"''";"P2";"AUDIO_CONEXAO";"";"";"";"086366864182";"ULTRA";"";"";",5";"";"VIRTUA 250 MB";"170054562"
"2023-10-09 00:00:00";"0";"ESTORNO";"VIRTUA 250 MB";"CLRZ";"202311";"t";"-304,21";"0";"CARROSSEL";"";"OK";"0";"''";"P2";"AUDIO_CONEXAO";"";"";"";"086366864182";"ULTRA";"";"";"2,9";"";"BL 250M SINGLE OU C/ FONE BWF PON FID";"170054562"
"2023-03-28 00:00:00";"0";"DEVOLUCAO EST UR";"CLARO TV MAIS BOX";"CLRZ";"202311";"t";"157,35";"0";"DEV EST INADIMPLENCIA";"2023-03-28 00:00:00";"OK";"0";"''";"P2";"AUDIO_CONEXAO";"";"";"";"996375140940";"ULTRA";"";"";"3";"";"CLARO STREAMING HD TVMAIS TOP VOZ STX";"170054562"
"2023-09-11 00:00:00";"0";"ESTORNO";"BONUS META PAP INDIRETO";"CLRZ";"202311";"t";"-31,47";"0";"CARROSSEL";"";"OK";"0";"''";"P2";"AUDIO_CONEXAO";"";"";"";"213001129752";"ULTRA";"";"";",3";"";"VIRTUA 500 MB";"170054562"
"2023-11-24 00:00:00";"43988172072";"ATIVACAO POS-PAGO";"PLANO CONTROLE MAIS 13GB COMBO - CF - CM";"CLRZ";"202311";"t";"153,72";"0";"MOBILE";"";"OK";"54.9";"'89550537400006745295'";"P2";"AUDIO_CONEXAO";"";"";"";"379001254331";"ULTRA";"";"";"2,8";"";"PLANO CONTROLE MAIS 13GB COMBO";"114064836"
"2023-09-06 00:00:00";"0";"ESTORNO";"BONUS META PAP INDIRETO";"CLRZ";"202311";"t";"-31,47";"0";"CARROSSEL";"";"OK";"0";"''";"P2";"AUDIO_CONEXAO";"";"";"";"086366844017";"ULTRA";"";"";",3";"";"VIRTUA 250 MB";"170054562"
"2023-10-28 00:00:00";"0";"ESTORNO";"VIRTUA 500 MB";"CLRZ";"202311";"t";"-314,67";"0";"CANCELAMENTO 30 DIAS";"";"OK";"0";"''";"P2";"AUDIO_CONEXAO";"";"";"";"213001134411";"ULTRA";"";"";"3";"";"BL 500M SINGLE/FONE AQS BS BWF PON FID";"170054562"
"2023-05-26 00:00:00";"0";"ESTORNO REFERENTE 09/2023 P2";"FALE ILIMITADO BRASIL TOTAL";"CLRZ";"202311";"t";"-81,6";"0";"INAD_1_60_OK";"";"OK";"0";"''";"P2";"AUDIO_CONEXAO";"";"";"";"749001443284";"ULTRA";"";"";"3,4";"";"FONE ILIM BR TOT BWF PON 30.00";"170047381"
"2023-05-22 00:00:00";"0";"ESTORNO REFERENTE 09/2023 P2";"VIRTUA 250 MB";"CLRZ";"202311";"t";"-285,3";"0";"INAD_1_60_OK";"";"OK";"0";"''";"P2";"AUDIO_CONEXAO";"";"";"";"086366770145";"ULTRA";"";"";"3,4";"";"BL 250M AQS BS FID";"170054562"
"2023-01-31 00:00:00";"0";"ESTORNO REFERENTE 09/2023 P2";"VIRTUA 250 MB";"CLRZ";"202311";"t";"-251,76";"0";"INAD_1_60_OK";"";"OK";"0";"''";"P2";"AUDIO_CONEXAO";"";"";"";"749001423712";"ULTRA";"";"";"3";"";"BL 250M SINGLE OU C/ FONE BWF PON FID";"170054562"
"2023-09-11 00:00:00";"0";"ESTORNO";"VIRTUA 500 MB";"CLRZ";"202311";"t";"-314,7";"0";"CARROSSEL";"";"OK";"0";"''";"P2";"AUDIO_CONEXAO";"";"";"";"213001129752";"ULTRA";"";"";"3";"";"BL 500M SINGLE OU C/ FONE BWF PON FID";"170054562"
"2023-03-25 00:00:00";"0";"ESTORNO REFERENTE 09/2023 P2";"VIRTUA 250 MB";"CLRZ";"202311";"t";"-188,82";"0";"INAD_2_60_OK";"";"OK";"0";"''";"P2";"AUDIO_CONEXAO";"";"";"";"996375138164";"ULTRA";"";"";"3";"";"BL 250M SINGLE OU C/ FONE FID";"170054562"
"2023-06-15 00:00:00";"42988365623";"ESTORNO REFERENTE 11/2023 P2";"BONUS META PAP INDIRETO";"CLRZ";"202401";"f";"-11,98";"205";"INAD_1_MOBILE";"2023-11-23 00:00:00";"ESTORNOS A DEBITAR 60 DIAS";"0";"''";"P2";"AUDIO_CONEXAO";"";"";"";"331001002194";"ULTRA";"";"";",2";"";"";""
"2023-06-15 00:00:00";"42988365623";"ESTORNO REFERENTE 11/2023 P2";"PLUGIN COMBO MULTI";"CLRZ";"202401";"f";"-20,97";"205";"INAD_1_MOBILE";"2023-11-23 00:00:00";"ESTORNOS A DEBITAR 60 DIAS";"0";"''";"P2";"AUDIO_CONEXAO";"";"";"";"331001002194";"ULTRA";"";"";",35";"";"";""
"2023-06-15 00:00:00";"42988365623";"ESTORNO REFERENTE 11/2023 P2";"PLANO CLARO POS MAIS 25GB COMBO - CF - CM";"CLRZ";"202401";"f";"-167,78";"205";"INAD_1_MOBILE";"2023-11-23 00:00:00";"ESTORNOS A DEBITAR 60 DIAS";"0";"'89550534420011246660'";"P2";"AUDIO_CONEXAO";"";"";"";"331001002194";"ULTRA";"";"";"2,8";"";"";""
"2023-06-15 00:00:00";"42988365623";"ESTORNO REFERENTE 11/2023 P2";"BONUS META PAP INDIRETO";"CLRZ";"202401";"f";"-17,98";"205";"INAD_1_MOBILE";"2023-11-23 00:00:00";"ESTORNOS A DEBITAR 60 DIAS";"0";"''";"P2";"AUDIO_CONEXAO";"";"";"";"331001002194";"ULTRA";"";"";",5";"";"";""
"2023-07-21 00:00:00";"0";"ESTORNO REFERENTE 11/2023 P2";"VIRTUA 500 MB";"CLRZ";"202401";"f";"-336,14";"205";"INAD_1";"";"ESTORNOS A DEBITAR 60 DIAS";"0";"''";"P2";"AUDIO_CONEXAO";"";"";"";"996375187327";"ULTRA";"";"";"2,9";"";"BL 500M SINGLE OU C/ FONE AQS BS FID";""
"2023-07-20 00:00:00";"0";"ESTORNO REFERENTE 11/2023 P2";"VIRTUA 600 MB";"CLRZ";"202401";"f";"-313,2";"205";"INAD_1";"";"ESTORNOS A DEBITAR 60 DIAS";"0";"''";"P2";"AUDIO_CONEXAO";"";"";"";"996375186398";"ULTRA";"";"";"2,9";"";"BL 600M EMP PME C/CEL OU FONE CNPJ FID";""
"2023-07-15 00:00:00";"0";"ESTORNO REFERENTE 11/2023 P2";"CLARO TV MAIS BOX";"CLRZ";"202401";"f";"-243,37";"205";"INAD_1";"";"ESTORNOS A DEBITAR 60 DIAS";"0";"''";"P2";"AUDIO_CONEXAO";"";"";"";"570001045033";"ULTRA";"";"";"2,9";"";"CLARO STREAMING HD TVMAIS TOP VOZ STX";""
"2023-07-24 00:00:00";"0";"ESTORNO REFERENTE 11/2023 P2";"VIRTUA 500 MB";"CLRZ";"202401";"f";"-188,82";"205";"INAD_2";"";"ESTORNOS A DEBITAR 60 DIAS";"0";"''";"P2";"AUDIO_CONEXAO";"";"";"";"213001124157";"ULTRA";"";"";"3";"";"BL 500M SINGLE OU C/ FONE BWF PON FID";""
"2023-07-15 00:00:00";"0";"ESTORNO REFERENTE 11/2023 P2";"VIRTUA 500 MB";"CLRZ";"202401";"f";"-251,76";"205";"INAD_1";"";"ESTORNOS A DEBITAR 60 DIAS";"0";"''";"P2";"AUDIO_CONEXAO";"";"";"";"570001045033";"ULTRA";"";"";"3";"";"BL 500M COMBINADO BWF PON FID";""
"2023-05-15 00:00:00";"0";"ESTORNO REFERENTE 11/2023 P2";"BONUS TV";"CLRZ";"202401";"f";"-22,03";"205";"INAD_2";"";"ESTORNOS A DEBITAR 60 DIAS";"0";"''";"P2";"";"";"";"";"749001440854";"ULTRA";"";"";",35";"";"CLARO TV MAIS BOX";""
"2023-05-15 00:00:00";"0";"ESTORNO REFERENTE 11/2023 P2";"VIRTUA 125 MB";"CLRZ";"202401";"f";"-173,2";"205";"INAD_2";"";"ESTORNOS A DEBITAR 60 DIAS";"0";"''";"P2";"AUDIO_CONEXAO";"";"";"";"749001440854";"ULTRA";"";"";"3,4";"";"BL 125M COMBINADO BWF PON FID";""
"2023-04-22 00:00:00";"0";"ESTORNO REFERENTE 11/2023 P2";"VIRTUA 250 MB";"CLRZ";"202401";"f";"-285,3";"205";"INAD_1";"";"ESTORNOS A DEBITAR 60 DIAS";"0";"''";"P2";"AUDIO_CONEXAO";"";"";"";"996375150563";"ULTRA";"";"";"3,4";"";"BL 250M AQS BS FID";""
"2023-05-15 00:00:00";"0";"ESTORNO REFERENTE 11/2023 P2";"CLARO TV MAIS BOX";"CLRZ";"202401";"f";"-214";"205";"INAD_2";"";"ESTORNOS A DEBITAR 60 DIAS";"0";"''";"P2";"AUDIO_CONEXAO";"";"";"";"749001440854";"ULTRA";"";"";"3,4";"";"CLARO STREAMING HD TVMAIS TOP VOZ STX";""
"2023-05-06 00:00:00";"0";"ESTORNO REFERENTE 11/2023 P2";"VIRTUA 250 MB";"CLRZ";"202401";"f";"-178,33";"205";"INAD_3";"";"ESTORNOS A DEBITAR 60 DIAS";"0";"''";"P2";"AUDIO_CONEXAO";"";"";"";"996375154682";"ULTRA";"";"";"3,4";"";"BL 250M SINGLE OU C/ FONE FID";""
"2023-05-20 00:00:00";"0";"ESTORNO REFERENTE 11/2023 P2";"VIRTUA 500 MB";"CLRZ";"202401";"f";"-178,33";"205";"INAD_3";"";"ESTORNOS A DEBITAR 60 DIAS";"0";"''";"P2";"AUDIO_CONEXAO";"";"";"";"819001018697";"ULTRA";"";"";"3,4";"";"BL 500M SINGLE OU C/ FONE BWF PON FID";""
"2023-07-04 00:00:00";"0";"ESTORNO REFERENTE 11/2023 P2";"VIRTUA 250 MB";"CLRZ";"202401";"f";"-243,37";"205";"INAD_1";"";"ESTORNOS A DEBITAR 60 DIAS";"0";"''";"P2";"AUDIO_CONEXAO";"";"";"";"086366799852";"ULTRA";"";"";"2,9";"";"BL 250M SINGLE OU C/ FONE BWF PON FID";""
"2023-05-08 00:00:00";"0";"ESTORNO REFERENTE 11/2023 P2";"VIRTUA 250 MB";"CLRZ";"202401";"f";"-214";"205";"INAD_2";"";"ESTORNOS A DEBITAR 60 DIAS";"0";"''";"P2";"";"";"";"";"996375156278";"ULTRA";"";"";"3,4";"";"BL 250M SINGLE OU C/ FONE FID";""
"2023-03-24 00:00:00";"0";"ESTORNO REFERENTE 11/2023 P2";"VIRTUA 125 MB";"CLRZ";"202401";"f";"-127,35";"205";"INAD_3";"";"ESTORNOS A DEBITAR 60 DIAS";"0";"''";"P2";"AUDIO_CONEXAO";"";"";"";"996375138768";"ULTRA";"";"";"3";"";"BL 125M SINGLE OU C/ FONE FID";""
"2023-06-01 00:00:00";"0";"ESTORNO REFERENTE 11/2023 P2";"VIRTUA 500 MB";"CLRZ";"202401";"f";"-188,82";"205";"INAD_2";"";"ESTORNOS A DEBITAR 60 DIAS";"0";"''";"P2";"AUDIO_CONEXAO";"";"";"";"570001044037";"ULTRA";"";"";"3";"";"BL 500M SINGLE OU C/ FONE BWF PON FID";""
